-0.01049755 2.78669357 0.235473245
-0.0113423681 2.78557634 0.2370289
-0.012058787 2.78546667 0.2365569
-0.012058787 2.78546667 0.2365569
-0.0121747386 2.7865963 0.234685227
-0.01049755 2.78669357 0.235473245
-0.009992311 2.785644 0.237707466
-0.0113423681 2.78557634 0.2370289
-0.009216635 2.78664947 0.236169368
-0.00717919832 2.78659248 0.237216428
-0.007700689 2.78564358 0.2387608
-0.005026737 2.78635287 0.238063872
-0.00527300034 2.78536534 0.23960194
-0.00244471617 2.78611064 0.238619566
-0.002583472 2.78506756 0.240190744
3.798601E-16 2.78592014 0.2389462
3.798601E-16 2.784852 0.240357354
-0.0221483447 2.84890079 0.2340977
-0.0201587975 2.85113287 0.236336172
-0.0225427039 2.85048962 0.234591141
-0.0201587975 2.85113287 0.236336172
-0.0188210085 2.848073 0.23567456
-0.02241962 2.84761167 0.233573332
-0.0195076354 2.84520531 0.235024124
-0.0217530951 2.84366 0.2343047
-0.0235183444 2.84670568 0.233054012
-0.0255845152 2.84577656 0.232361943
-0.0170976482 2.851951 0.2387855
-0.0161257554 2.847543 0.2376266
-0.01697459 2.84222865 0.236899287
-0.0250065587 2.842536 0.2336421
-0.0284571163 2.845055 0.2315112
-0.0201937556 2.839518 0.236083269
-0.0286302622 2.84163523 0.23272948
-0.03341321 2.84448814 0.230173141
-0.0240813978 2.837596 0.235382259
-0.03370814 2.84094238 0.231654778
-0.0386329442 2.844132 0.228713751
-0.0287378989 2.83609724 0.234220147
-0.03921601 2.840457 0.230201334
-0.0439629033 2.84404731 0.227323383
-0.03399171 2.83504534 0.23322013
-0.0446809381 2.84011745 0.228787586
-0.04899495 2.84418321 0.2257842
-0.0398050062 2.83417916 0.232068
-0.0501513779 2.84028816 0.227177918
-0.05291047 2.84503675 0.224600017
-0.0455761366 2.83373642 0.230591387
-0.0546290167 2.84104681 0.225186288
-0.056003578 2.84625745 0.223742843
-0.05169011 2.83372116 0.228653193
-0.0285071228 2.8306427 0.236025661
-0.0339056775 2.82909131 0.234964177
-0.03994361 2.82770658 0.233557984
-0.0459098667 2.82677221 0.231965691
-0.0232471973 2.83271837 0.237034127
-0.0188299268 2.83476782 0.238108426
-0.0140932016 2.837728 0.239787862
-0.0133566232 2.84727478 0.240049273
-0.0138076562 2.85245943 0.241008371
-0.0222026445 2.82737255 0.239159629
-0.0177067 2.8294704 0.240335837
-0.0132738138 2.83142829 0.242799431
-0.0277377069 2.825093 0.2377902
-0.03333315 2.82318449 0.236334592
-0.0395055078 2.82146025 0.234488279
-0.009234509 2.83301544 0.246339947
-0.0121792853 2.825718 0.245825574
-0.016357854 2.82364964 0.243227184
-0.0205980819 2.82163739 0.241290182
-0.0263342634 2.819261 0.2395471
-0.03211344 2.817367 0.237499148
-0.0096596 2.83940029 0.243431941
-0.0109138787 2.82043672 0.248738289
-0.0145072779 2.81816936 0.24532266
-0.0186516214 2.816277 0.243114173
-0.0243270863 2.81378961 0.240750849
-0.008556362 2.82771826 0.2493064
-0.0385072529 2.81547356 0.235077649
-0.030147925 2.8115356 0.238357857
-0.04589105 2.82004333 0.23243174
-0.05259808 2.82655573 0.229684874
-0.056901373 2.834903 0.225910455
-0.0579255074 2.842402 0.223847553
-0.06106973 2.8453052 0.222904861
-0.05848477 2.84849072 0.223383427
-0.0610901639 2.836811 0.223677531
-0.0592987947 2.82794333 0.22578299
-0.0526832454 2.81996965 0.229711965
-0.04510165 2.813896 0.232462972
-0.063100554 2.84957528 0.22254914
-0.060625717 2.851381 0.223392427
-0.06466941 2.8543613 0.223296553
-0.06287099 2.85529947 0.2238656
-0.06443103 2.858531 0.224485427
-0.06445779 2.830515 0.22136113
-0.0609045848 2.82127142 0.22413978
-0.06643468 2.82400942 0.216452926
-0.06384431 2.841984 0.2214041
-0.06585658 2.84806347 0.220778435
-0.06716859 2.85354471 0.2213355
-0.06568882 2.859116 0.224273384
-0.05227472 2.81319857 0.229171127
-0.0670602545 2.836927 0.218343213
-0.06913173 2.8460443 0.216381311
-0.06414302 2.860941 0.226497233
-0.0622295178 2.85860252 0.226050138
-0.0704106539 2.85272336 0.216274932
-0.068546176 2.86052084 0.222865283
-0.0603218153 2.861812 0.229649514
-0.0583065823 2.85851765 0.228610322
-0.07203345 2.86167145 0.2183226
-0.05568149 2.862245 0.2326712
-0.0539137721 2.85818315 0.230976611
-0.05034306 2.86197042 0.234853417
-0.04903023 2.85766363 0.232938856
-0.04499741 2.86154 0.236741871
-0.0442344919 2.85709524 0.234312743
-0.03925309 2.86095953 0.238084227
-0.03956897 2.856529 0.2350944
-0.03426376 2.86007786 0.238490388
-0.0349201523 2.855897 0.235484779
-0.02905718 2.85867119 0.238761827
-0.03016088 2.854941 0.235522687
-0.0264490433 2.85389543 0.235370427
-0.0573551245 2.866626 0.234264463
-0.0513744876 2.86705351 0.237487644
-0.04537689 2.86695385 0.239757091
-0.0386984535 2.86622238 0.241678521
-0.0330512337 2.865162 0.242467359
-0.0374564566 2.87285519 0.24619548
-0.0456677154 2.87360764 0.243468225
-0.0273961034 2.86278915 0.242506936
-0.0525054745 2.87372 0.2404947
-0.06248264 2.86558747 0.230316758
-0.0454533026 2.881402 0.245800108
-0.0303488038 2.87174916 0.248043388
-0.05967733 2.873101 0.23603192
-0.06665045 2.86384 0.226246834
-0.06623985 2.87195635 0.2307284
-0.07149623 2.86875343 0.223290086
-0.0535130575 2.88114786 0.24209848
-0.0619295947 2.880084 0.23687458
-0.0688175038 2.87834525 0.230310529
-0.07576613 2.87201071 0.218173444
-0.05460812 2.89336228 0.243047759
-0.06421561 2.89247465 0.237287074
-0.07452405 2.862235 0.213549212
-0.07236469 2.89126921 0.229311123
-0.072791636 2.85251617 0.211578429
-0.0714725554 2.844622 0.2118255
-0.06962896 2.83495665 0.213302314
-0.0798210651 2.87252 0.202698082
-0.07928117 2.890434 0.217127562
-0.07326482 2.90691471 0.228520721
-0.07739594 2.86230063 0.202660471
-0.07501866 2.85261369 0.203012139
-0.0734134242 2.84359837 0.203178436
-0.0641282648 2.90674472 0.237325862
-0.08048417 2.90698528 0.216229856
-0.08338957 2.889902 0.202458531
-0.0718835 2.9245832 0.228337809
-0.07694581 2.853445 0.1833596
-0.07976032 2.86374235 0.183035865
-0.07483177 2.84425139 0.183651984
-0.0822168 2.87376142 0.18296513
-0.054433886 2.90649533 0.243639037
-0.060049206 2.92489576 0.239245921
-0.0447995067 2.89361286 0.247506
-0.0357307531 2.88111877 0.249077082
-0.07594527 2.85449362 0.166620612
-0.07848935 2.86523056 0.164509743
-0.0802120641 2.87622643 0.157934859
-0.07372198 2.844578 0.168031991
-0.08549272 2.89008284 0.182943076
-0.084955804 2.90707326 0.201279
-0.0804533362 2.923728 0.215316355
-0.07091631 2.940974 0.2264671
-0.07448097 2.85447121 0.159369349
-0.0723205 2.84497952 0.160763443
-0.07656347 2.864222 0.156250983
-0.0867780745 2.90724373 0.18237336
-0.08499925 2.92238617 0.200191081
-0.08408089 2.89237118 0.158882827
-0.0593142547 2.94207 0.236506164
-0.0468424857 2.925227 0.245500118
-0.0440386757 2.90630126 0.247863233
-0.03385872 2.89357758 0.251247525
-0.0237357542 2.87946987 0.252179325
-0.0239005778 2.86819434 0.2476716
-0.0226778332 2.85970688 0.241629645
-0.02492862 2.85660267 0.238283113
-0.0219509546 2.853919 0.237365052
-0.0236769542 2.85202265 0.2349805
-0.0225427039 2.85048962 0.234591141
-0.0193262063 2.856015 0.240232036
-0.018996587 2.863278 0.245818883
-0.0155581869 2.85785151 0.243031383
-0.018355405 2.87338 0.251893163
-0.01357377 2.86539078 0.248922244
-0.0109960083 2.85882258 0.245789617
-0.009974897 2.8527844 0.243799165
-0.009671784 2.84703922 0.242891982
-0.01106033 2.88402057 0.255407572
-0.009548551 2.87553978 0.254124969
3.798601E-16 2.88499331 0.25634563
-0.007539461 2.86616588 0.250607252
-0.00624418259 2.85928464 0.247901708
-0.0227239542 2.893807 0.2536984
3.798601E-16 2.87601042 0.2550156
-0.0054535307 2.85294175 0.245640814
3.798601E-16 2.86660337 0.251868635
-0.0116583221 2.89431715 0.2556293
-0.0334422067 2.9061985 0.251010776
-0.02274133 2.90615416 0.253486425
-0.031979043 2.92562938 0.249906346
3.798601E-16 2.85933852 0.248989925
-0.04615033 2.94298553 0.241777509
-0.0114876162 2.90614414 0.254919261
-0.01623254 2.92591333 0.2522084
3.798601E-16 2.92617536 0.253187537
3.798601E-16 2.89436364 0.256269217
-0.0311321653 2.943405 0.245727092
-0.0158128869 2.94371462 0.248066872
3.798601E-16 2.90614867 0.255449772
0.0114876162 2.90614414 0.254919261
0.0116583221 2.89431715 0.2556293
-0.05746674 2.95845222 0.2303952
-0.0446286425 2.95958376 0.235817224
-0.02994303 2.95999551 0.23958382
-0.06815479 2.95672464 0.22172676
-0.015279199 2.96035 0.242220774
3.798601E-16 2.94392538 0.249038845
3.798601E-16 2.96051145 0.2431911
0.015279199 2.96035 0.242220774
-0.078853935 2.93936443 0.213993877
-0.0752075538 2.95430136 0.210003763
0.0158128869 2.94371462 0.248066872
0.02994303 2.95999551 0.23958382
-0.08356287 2.93701673 0.19877702
-0.0800093 2.95118713 0.1966589
-0.0825816542 2.947347 0.179614067
-0.08517161 2.93328333 0.181015939
-0.08365481 2.943064 0.159736186
0.01623254 2.92591333 0.2522084
0.0311321653 2.943405 0.245727092
0.0446286425 2.95958376 0.235817224
-0.08650329 2.920576 0.181869477
-0.0851888657 2.92924213 0.160643339
-0.08283415 2.94106865 0.14841111
-0.0842875838 2.92851734 0.1482463
-0.08478489 2.911097 0.148083329
-0.08608375 2.90806866 0.1609112
-0.08232478 2.89343619 0.147821143
-0.07843396 2.87970662 0.147645533
-0.07648222 2.87306643 0.14757596
-0.07714749 2.87066174 0.151036352
-0.07402741 2.86397243 0.147426382
-0.07420711 2.86195278 0.149007991
-0.0734369159 2.8543117 0.152757645
-0.07121344 2.84489965 0.1537419
-0.0777218938 2.8510766 0.147525281
-0.0787120238 2.85515356 0.148195
-0.07757167 2.8623085 0.150921538
-0.08054501 2.85892963 0.147533968
-0.08266687 2.86243963 0.146419123
-0.0808129758 2.86654 0.148720667
-0.08660504 2.86610961 0.143729538
-0.08538573 2.87042856 0.144401625
-0.08925326 2.8670814 0.140946776
-0.0892112553 2.87183642 0.1397537
-0.09256292 2.8688817 0.1342409
-0.0920030549 2.86512852 0.137202829
-0.09415722 2.862988 0.131146625
-0.09373355 2.86095715 0.13486518
-0.09488037 2.85682559 0.129389822
-0.09427334 2.85593033 0.133597538
-0.09515241 2.85025859 0.128260374
-0.09413902 2.84967327 0.132889971
-0.093681 2.84196281 0.129366726
-0.09291476 2.843375 0.133687273
-0.0904931054 2.8355732 0.132694334
-0.09008336 2.83742785 0.136534959
-0.08358751 2.82700658 0.139798224
-0.08389339 2.82936215 0.143078431
-0.07868691 2.820434 0.14364107
-0.0824161544 2.83172941 0.143898889
-0.0790877044 2.82211757 0.147320643
-0.07412082 2.81619024 0.147729188
-0.0750870556 2.81839275 0.150750384
-0.06743506 2.81681085 0.15150781
-0.07498747 2.82548046 0.150065348
-0.06919079 2.818854 0.154346913
-0.06554114 2.82124567 0.155650109
-0.06297992 2.81950521 0.151986614
-0.06721521 2.82485676 0.157059044
-0.0703506 2.82424331 0.153915688
-0.07460117 2.83160472 0.149249852
-0.0709868 2.82924867 0.15313682
-0.08183354 2.8348124 0.143448517
-0.06799507 2.8290174 0.156364366
-0.07103648 2.8341496 0.152135849
-0.08761795 2.83813 0.138118431
-0.08916655 2.836939 0.133881435
-0.0863578245 2.83938551 0.138624921
-0.08971271 2.84236431 0.13616401
-0.087744534 2.84291863 0.137020275
-0.09198664 2.84285522 0.130440861
-0.08814676 2.846863 0.13627167
-0.09093928 2.84708524 0.135586739
-0.09330253 2.84995413 0.12908119
-0.08712089 2.85044551 0.137335032
-0.09311296 2.855953 0.129852861
-0.0899032354 2.853231 0.1370247
-0.0925153643 2.86190557 0.131492287
-0.09092468 2.86720324 0.134340063
-0.08473837 2.854877 0.139645219
-0.0869386047 2.85773945 0.139913276
-0.0875641 2.869586 0.139335036
-0.08444258 2.86888242 0.142710343
-0.0829411447 2.858634 0.142991886
-0.0815694 2.85634732 0.1422467
-0.07974035 2.86378479 0.146126866
-0.07573736 2.85443068 0.147821888
-0.07783676 2.85960174 0.147107035
-0.0195076354 2.84520531 0.235024124
-0.0161257554 2.847543 0.2376266
-0.0188210085 2.848073 0.23567456
0.01049755 2.78669357 0.235473245
0.012058787 2.78546667 0.2365569
0.0113423681 2.78557634 0.2370289
0.0121747386 2.7865963 0.234685227
0.012058787 2.78546667 0.2365569
0.01049755 2.78669357 0.235473245
0.009992311 2.785644 0.237707466
0.0113423681 2.78557634 0.2370289
0.00921663 2.78664947 0.236169368
0.007179261 2.78659248 0.237216383
0.007700703 2.78564358 0.238760844
0.005026735 2.78635287 0.238063872
0.00527300034 2.78536534 0.23960194
0.00244472548 2.78611064 0.238619521
0.00258347276 2.78506756 0.240190744
3.798601E-16 2.78592014 0.2389462
3.798601E-16 2.784852 0.240357354
0.0225427039 2.85048962 0.234591141
0.0201587975 2.85113287 0.236336172
0.0221483447 2.84890079 0.2340977
0.0188210085 2.848073 0.23567456
0.0201587975 2.85113287 0.236336172
0.02241962 2.84761167 0.233573332
0.0195076354 2.84520531 0.235024124
0.0217530951 2.84366 0.2343047
0.0235183444 2.84670568 0.233054012
0.0255845152 2.84577656 0.232361943
0.0170976482 2.851951 0.2387855
0.0161257554 2.847543 0.2376266
0.01697459 2.84222865 0.236899287
0.0250065587 2.842536 0.2336421
0.0284571163 2.845055 0.2315112
0.0201937556 2.839518 0.236083269
0.0286302622 2.84163523 0.23272948
0.03341321 2.84448814 0.230173141
0.0240813978 2.837596 0.235382259
0.03370814 2.84094238 0.231654778
0.0386329442 2.844132 0.228713751
0.0287378989 2.83609724 0.234220147
0.03921601 2.840457 0.230201334
0.0439629033 2.84404731 0.227323383
0.03399171 2.83504534 0.23322013
0.0446809381 2.84011745 0.228787586
0.04899495 2.84418321 0.2257842
0.0398050062 2.83417916 0.232068
0.0501513779 2.84028816 0.227177918
0.05291047 2.84503675 0.224600017
0.0455761366 2.83373642 0.230591387
0.0546290167 2.84104681 0.225186288
0.056003578 2.84625745 0.223742843
0.05169011 2.83372116 0.228653193
0.0285071228 2.8306427 0.236025661
0.0339056775 2.82909131 0.234964177
0.03994361 2.82770658 0.233557984
0.0459098667 2.82677221 0.231965691
0.0232471973 2.83271837 0.237034127
0.0188299268 2.83476782 0.238108426
0.0140932016 2.837728 0.239787862
0.0133566232 2.84727478 0.240049273
0.0138076562 2.85245943 0.241008371
0.0222026445 2.82737255 0.239159629
0.0177067 2.8294704 0.240335837
0.0132738138 2.83142829 0.242799431
0.0277377069 2.825093 0.2377902
0.03333315 2.82318449 0.236334592
0.0395055078 2.82146025 0.234488279
0.009234509 2.83301544 0.246339947
0.0121792853 2.825718 0.245825574
0.016357854 2.82364964 0.243227184
0.0205980819 2.82163739 0.241290182
0.0263342634 2.819261 0.2395471
0.03211344 2.817367 0.237499148
0.0096596 2.83940029 0.243431941
0.0109138787 2.82043672 0.248738289
0.0145072779 2.81816936 0.24532266
0.0186516214 2.816277 0.243114173
0.0243270863 2.81378961 0.240750849
0.008556362 2.82771826 0.2493064
0.0385072529 2.81547356 0.235077649
0.030147925 2.8115356 0.238357857
0.04589105 2.82004333 0.23243174
0.05259808 2.82655573 0.229684874
0.056901373 2.834903 0.225910455
0.0579255074 2.842402 0.223847553
0.06106973 2.8453052 0.222904861
0.05848477 2.84849072 0.223383427
0.0610901639 2.836811 0.223677531
0.0592987947 2.82794333 0.22578299
0.0526832454 2.81996965 0.229711965
0.04510165 2.813896 0.232462972
0.063100554 2.84957528 0.22254914
0.060625717 2.851381 0.223392427
0.06466941 2.8543613 0.223296553
0.06287099 2.85529947 0.2238656
0.06443103 2.858531 0.224485427
0.06445779 2.830515 0.22136113
0.0609045848 2.82127142 0.22413978
0.06643468 2.82400942 0.216452926
0.06384431 2.841984 0.2214041
0.06585658 2.84806347 0.220778435
0.06716859 2.85354471 0.2213355
0.06568882 2.859116 0.224273384
0.05227472 2.81319857 0.229171127
0.0670602545 2.836927 0.218343213
0.06913173 2.8460443 0.216381311
0.06414302 2.860941 0.226497233
0.0622295178 2.85860252 0.226050138
0.0704106539 2.85272336 0.216274932
0.068546176 2.86052084 0.222865283
0.0603218153 2.861812 0.229649514
0.0583065823 2.85851765 0.228610322
0.07203345 2.86167145 0.2183226
0.05568149 2.862245 0.2326712
0.0539137721 2.85818315 0.230976611
0.05034306 2.86197042 0.234853417
0.04903023 2.85766363 0.232938856
0.04499741 2.86154 0.236741871
0.0442344919 2.85709524 0.234312743
0.03925309 2.86095953 0.238084227
0.03956897 2.856529 0.2350944
0.03426376 2.86007786 0.238490388
0.0349201523 2.855897 0.235484779
0.02905718 2.85867119 0.238761827
0.03016088 2.854941 0.235522687
0.0264490433 2.85389543 0.235370427
0.0573551245 2.866626 0.234264463
0.0513744876 2.86705351 0.237487644
0.04537689 2.86695385 0.239757091
0.0386984535 2.86622238 0.241678521
0.0330512337 2.865162 0.242467359
0.0374564566 2.87285519 0.24619548
0.0456677154 2.87360764 0.243468225
0.0273961034 2.86278915 0.242506936
0.0525054745 2.87372 0.2404947
0.06248264 2.86558747 0.230316758
0.0454533026 2.881402 0.245800108
0.0303488038 2.87174916 0.248043388
0.05967733 2.873101 0.23603192
0.06665045 2.86384 0.226246834
0.06623985 2.87195635 0.2307284
0.07149623 2.86875343 0.223290086
0.0535130575 2.88114786 0.24209848
0.0619295947 2.880084 0.23687458
0.0688175038 2.87834525 0.230310529
0.07576613 2.87201071 0.218173444
0.05460812 2.89336228 0.243047759
0.06421561 2.89247465 0.237287074
0.07452405 2.862235 0.213549212
0.07236469 2.89126921 0.229311123
0.072791636 2.85251617 0.211578429
0.0714725554 2.844622 0.2118255
0.06962896 2.83495665 0.213302314
0.07326482 2.90691471 0.228520721
0.07928117 2.890434 0.217127562
0.0798210651 2.87252 0.202698082
0.07739594 2.86230063 0.202660471
0.07501866 2.85261369 0.203012139
0.0734134242 2.84359837 0.203178436
0.0641282648 2.90674472 0.237325862
0.08048417 2.90698528 0.216229856
0.08338957 2.889902 0.202458531
0.0718835 2.9245832 0.228337809
0.07976032 2.86374235 0.183035865
0.07694581 2.853445 0.1833596
0.07483177 2.84425139 0.183651984
0.0822168 2.87376142 0.18296513
0.054433886 2.90649533 0.243639037
0.0600492135 2.92489576 0.239245921
0.0447995067 2.89361286 0.247506
0.0357307531 2.88111877 0.249077082
0.07594527 2.85449362 0.166620612
0.07848935 2.86523056 0.164509743
0.0802120641 2.87622643 0.157934859
0.07372198 2.844578 0.168031991
0.08549272 2.89008284 0.182943076
0.084955804 2.90707326 0.201279
0.0804533362 2.923728 0.215316355
0.07091632 2.94097376 0.226467088
0.07448097 2.85447121 0.159369349
0.0723205 2.84497952 0.160763443
0.07656347 2.864222 0.156250983
0.0867780745 2.90724373 0.18237336
0.08499925 2.92238617 0.200191081
0.08408089 2.89237118 0.158882827
0.0734369159 2.8543117 0.152757645
0.07420711 2.86195278 0.149007991
0.07121344 2.84489965 0.1537419
0.07402741 2.86397243 0.147426382
0.07714749 2.87066174 0.151036352
0.07648222 2.87306643 0.14757596
0.07843396 2.87970662 0.147645533
0.08232478 2.89343619 0.147821143
0.08608375 2.90806866 0.1609112
0.08478489 2.911097 0.148083329
0.08650329 2.920576 0.181869477
0.0851888657 2.92924213 0.160643339
0.0842875838 2.92851734 0.1482463
0.08283415 2.94106865 0.14841111
0.08365481 2.943064 0.159736186
0.08517161 2.93328333 0.181015939
0.0825816542 2.947347 0.179614067
0.08356287 2.93701673 0.19877702
0.0800093 2.95118713 0.1966589
0.0752075538 2.95430136 0.210003763
0.07885393 2.93936443 0.213993877
0.06815479 2.95672464 0.22172676
0.0593142547 2.94207 0.236506164
0.05746674 2.95845222 0.2303952
0.04615033 2.94298553 0.241777509
0.0468424857 2.925227 0.245500118
0.031979043 2.92562938 0.249906346
0.0440386757 2.90630126 0.247863233
0.02274133 2.90615416 0.253486425
0.03385872 2.89357758 0.251247525
0.0334422067 2.9061985 0.251010776
0.0227239542 2.893807 0.2536984
0.0237357542 2.87946987 0.252179325
0.01106033 2.88402057 0.255407572
0.0239005778 2.86819434 0.2476716
0.009548551 2.87553978 0.254124969
0.018355405 2.87338 0.251893163
0.0226778332 2.85970688 0.241629645
0.007539461 2.86616588 0.250607252
0.01357377 2.86539078 0.248922244
0.018996587 2.863278 0.245818883
0.02492862 2.85660267 0.238283113
0.00624418259 2.85928464 0.247901708
0.0193262063 2.856015 0.240232036
0.0219509546 2.853919 0.237365052
0.0236769542 2.85202265 0.2349805
0.0225427039 2.85048962 0.234591141
0.0155581869 2.85785151 0.243031383
0.0109960083 2.85882258 0.245789617
0.009974897 2.8527844 0.243799165
0.0054535307 2.85294175 0.245640814
0.009671784 2.84703922 0.242891982
3.79709359E-16 2.85298324 0.246705323
0.005153212 2.84693837 0.244801611
0.00490174536 2.83998 0.246101946
-0.005153212 2.84693837 0.244801611
3.798601E-16 2.84686446 0.246012151
-0.00490174536 2.83998 0.246101946
0.00439126045 2.83407474 0.249018043
3.798601E-16 2.84013939 0.247528225
-0.00439126045 2.83407474 0.249018043
0.004034821 2.82917714 0.252189755
3.798601E-16 2.83420944 0.250717431
3.798601E-16 2.82981777 0.2538609
-0.004034821 2.82917714 0.252189755
3.798601E-16 2.825767 0.257386744
0.00361309946 2.82483077 0.255746961
-0.00361309946 2.82483077 0.255746961
0.00747142732 2.82273674 0.25260663
0.009511992 2.81630778 0.251114666
-0.00747142732 2.82273674 0.25260663
-0.009511992 2.81630778 0.251114666
3.798601E-16 2.82184577 0.260849625
0.006323566 2.81893539 0.255533248
0.0128682926 2.81387377 0.247348189
-0.006323566 2.81893539 0.255533248
-0.0128682926 2.81387377 0.247348189
-0.0030531513 2.821013 0.259182662
0.0030531513 2.821013 0.259182662
0.00777943432 2.81282282 0.253394872
-0.00777943432 2.81282282 0.253394872
-0.0050039757 2.81557822 0.2584192
3.798601E-16 2.81870246 0.263775617
3.798601E-16 2.81870246 0.263775617
0.0050039757 2.81557822 0.2584192
-0.002405871 2.81773829 0.262079865
0.002405871 2.81773829 0.262079865
-0.00186975708 2.81623149 0.263577968
3.798601E-16 2.81736827 0.265021563
-0.00411855336 2.813573 0.2599213
-0.00635110354 2.81056619 0.255223781
0.00186975708 2.81623149 0.263577968
0.00411855336 2.813573 0.2599213
-0.0106628239 2.809958 0.2494373
0.00635110354 2.81056619 0.255223781
-0.0166038759 2.81168437 0.244665176
0.0106628239 2.809958 0.2494373
-0.0221270286 2.809181 0.2415791
0.0166038759 2.81168437 0.244665176
-0.02806291 2.80686 0.238881782
0.0221270286 2.809181 0.2415791
0.02806291 2.80686 0.238881782
-0.0195300542 2.80464649 0.242437258
-0.0252870638 2.80196929 0.239336058
-0.0143327834 2.80748487 0.246104464
-0.008572022 2.80740857 0.251084358
-0.0347275 2.80426931 0.2354142
-0.0315001532 2.79890656 0.235701174
-0.03683444 2.80936718 0.2353425
-0.04326322 2.80753183 0.232258111
-0.0410601534 2.80191946 0.232015759
-0.0505001619 2.80603862 0.2284508
-0.03740543 2.79607 0.231637746
-0.048031874 2.79952478 0.227509916
-0.043972142 2.79316783 0.226489007
-0.0277565159 2.79418683 0.236044884
-0.0330879539 2.79060817 0.231429279
-0.02256994 2.79755569 0.239609569
-0.039075 2.787194 0.225814819
-0.0240349285 2.79071426 0.236478612
-0.017528126 2.80049 0.242992669
-0.0115756467 2.80363822 0.2471055
-0.0490556248 2.79134941 0.221120551
-0.0439459421 2.78491831 0.220636934
-0.053299088 2.79824877 0.222086
-0.0563859344 2.80536938 0.223083347
-0.059020564 2.8130908 0.223827392
-0.0633880943 2.813549 0.216847
-0.06024869 2.80528283 0.21609351
-0.05652258 2.79765248 0.215546846
-0.05198471 2.79051781 0.21544221
-0.0595200248 2.79739118 0.206164151
-0.06355965 2.80592775 0.205532327
-0.06690194 2.8145566 0.204734236
-0.06962306 2.82484174 0.204215944
-0.07173674 2.83385515 0.203588873
-0.0728293359 2.834973 0.18370451
-0.0708964542 2.82656717 0.183784366
-0.0686494 2.81686282 0.1837702
-0.0658765957 2.80772543 0.184165075
-0.07189159 2.83628845 0.168289974
-0.06976052 2.82830215 0.167388
-0.07044198 2.83652687 0.161492944
-0.0619705319 2.798308 0.185279071
-0.06879769 2.82892227 0.161481872
-0.06923442 2.8363 0.155318737
-0.07424866 2.840078 0.1483917
-0.07362859 2.83686352 0.148934439
-0.06711393 2.82240415 0.159629062
-0.06554114 2.82124567 0.155650109
-0.0671169758 2.81878018 0.164695
-0.06509988 2.8184793 0.156340629
-0.06297992 2.81950521 0.151986614
-0.0624494441 2.81759715 0.152510151
-0.06181643 2.81464219 0.1533943
-0.06471473 2.81491756 0.157407
-0.06082159 2.80924654 0.154958487
-0.06478589 2.80942082 0.165573433
-0.063339 2.80905342 0.158851087
-0.0593432561 2.80413032 0.156186625
-0.0617104545 2.80423546 0.1599917
-0.0575163774 2.79832888 0.1578112
-0.0610023662 2.798753 0.1678105
-0.05984404 2.79865932 0.1614443
-0.05387903 2.790558 0.161181256
-0.0558633357 2.79046035 0.165244788
-0.04877454 2.78357887 0.166942313
-0.05677882 2.790353 0.172820508
-0.0506844074 2.78313112 0.172149166
-0.0570658743 2.789846 0.188421845
-0.051269833 2.78299928 0.18020308
-0.0545644164 2.78976917 0.20675683
-0.0515406169 2.78274155 0.192551553
-0.04669524 2.78375983 0.215684
-0.04937144 2.78296685 0.207716748
-0.0384537354 2.778572 0.2205391
-0.03373057 2.78115654 0.225466058
-0.0278143939 2.78478813 0.231915727
-0.0453237668 2.7765007 0.187030375
-0.045593217 2.77656579 0.196563512
-0.0434947 2.776762 0.209088251
-0.0407715738 2.7776072 0.216190517
-0.0328724422 2.77366424 0.221262246
-0.02914659 2.776306 0.225621149
-0.0452601127 2.77697682 0.179319546
-0.0439062752 2.77779484 0.173989847
-0.03892192 2.7708106 0.193602577
-0.0388020575 2.770498 0.200703919
-0.03725451 2.77110529 0.210535362
-0.0350028761 2.77233553 0.217090085
-0.0386712439 2.7711513 0.186711416
-0.037412446 2.77147961 0.182171389
-0.03648042 2.78454328 0.168663546
-0.0443195142 2.793287 0.162589133
-0.05387903 2.790558 0.161181256
-0.05053459 2.80333567 0.1585123
-0.0575163774 2.79832888 0.1578112
-0.0593432561 2.80413032 0.156186625
-0.05386198 2.8090837 0.156523585
-0.06082159 2.80924654 0.154958487
-0.0566738322 2.81596851 0.154110223
-0.06181643 2.81464219 0.1533943
-0.0583018363 2.81924033 0.152899846
-0.0624494441 2.81759715 0.152510151
-0.06297992 2.81950521 0.151986614
-0.0601179525 2.82296634 0.151573926
-0.0238143075 2.776681 0.175276831
-0.07052072 2.82710457 0.144572154
-0.06743506 2.81681085 0.15150781
-0.07412082 2.81619024 0.147729188
-0.0661142841 2.83451772 0.14195548
-0.07868691 2.820434 0.14364107
-0.077645 2.83205223 0.138382375
-0.08358751 2.82700658 0.139798224
-0.0707476139 2.84382486 0.137150422
-0.08527513 2.839332 0.131777868
-0.0904931054 2.8355732 0.132694334
-0.093681 2.84196281 0.129366726
-0.08868087 2.847769 0.1290019
-0.09515241 2.85025859 0.128260374
-0.07563768 2.857339 0.136689231
-0.0894548446 2.85676718 0.128981143
-0.09488037 2.85682559 0.129389822
-0.09415722 2.862988 0.131146625
-0.08898161 2.86277246 0.130747169
-0.09256292 2.8688817 0.1342409
-0.08868304 2.869345 0.134099558
-0.0892112553 2.87183642 0.1397537
-0.07633789 2.86382 0.141185492
-0.08654676 2.87110353 0.138255686
-0.08538573 2.87042856 0.144401625
-0.08312903 2.87027574 0.14268063
-0.0808129758 2.86654 0.148720667
-0.07843592 2.86675024 0.146842957
-0.07402741 2.86397243 0.147426382
-0.07757167 2.8623085 0.150921538
-0.07420711 2.86195278 0.149007991
-0.0734369159 2.8543117 0.152757645
-0.07402741 2.86397243 0.147426382
0.0161257554 2.847543 0.2376266
0.0195076354 2.84520531 0.235024124
0.0188210085 2.848073 0.23567456
-0.0169861317 2.84794855 0.227550626
-0.022270374 2.8479073 0.2322675
-0.0217806473 2.84920478 0.232826322
-0.0221726634 2.850768 0.233349
-0.0169861317 2.84794855 0.227550626
-0.019697357 2.85243535 0.229564384
-0.0233545937 2.852315 0.233777136
-0.019697357 2.85243535 0.229564384
-0.0221726634 2.850768 0.233349
0.0169861317 2.84794855 0.227550626
0.0217806473 2.84920478 0.232826322
0.022270374 2.8479073 0.2322675
0.0169861317 2.84794855 0.227550626
0.0221726634 2.850768 0.233349
0.019697357 2.85243535 0.229564384
0.019697357 2.85243535 0.229564384
0.0233545937 2.852315 0.233777136
0.0221726634 2.850768 0.233349
3.798601E-16 2.80079341 0.2314055
-0.002762083 2.80072451 0.206387073
3.798601E-16 2.80079341 0.206374109
-0.00274565676 2.800953 0.231601521
-0.005267661 2.80108929 0.231459141
-0.005359998 2.80051446 0.20648548
-0.008270998 2.800578 0.230994657
-0.008230784 2.79988313 0.206505522
-0.01033129 2.79969716 0.230517715
-0.0103986654 2.79894066 0.206642181
-0.01607218 2.797225 0.228763223
-0.0163258314 2.79672956 0.207036272
-0.024412619 2.78568125 0.224214211
-0.0163258314 2.79672956 0.207036272
-0.0244156551 2.78538847 0.206774384
-0.00244471617 2.78611064 0.238619566
3.798601E-16 2.80079341 0.2314055
3.798601E-16 2.78592014 0.2389462
-0.00274565676 2.800953 0.231601521
-0.005026737 2.78635287 0.238063872
-0.005267661 2.80108929 0.231459141
-0.00717919832 2.78659248 0.237216428
-0.008270998 2.800578 0.230994657
-0.01033129 2.79969716 0.230517715
-0.009216635 2.78664947 0.236169368
-0.01049755 2.78669357 0.235473245
-0.01607218 2.797225 0.228763223
-0.0121747386 2.7865963 0.234685227
-0.024412619 2.78568125 0.224214211
-0.01283832 2.78516 0.234363109
-0.0124304416 2.78410888 0.234576553
-0.012058787 2.78546667 0.2365569
-0.01283832 2.78516 0.234363109
-0.0121747386 2.7865963 0.234685227
-0.0124811493 2.78504419 0.236432314
-0.0124811493 2.78504419 0.236432314
-0.0124304416 2.78410888 0.234576553
-0.01283832 2.78516 0.234363109
-0.012080092 2.784525 0.236482754
-0.01102687 2.78385639 0.23537153
-0.024412619 2.78568125 0.224214211
-0.01131832 2.78441429 0.2368206
-0.009564889 2.78393316 0.236133948
-0.009960988 2.78449082 0.237627789
-0.00736323372 2.78404713 0.2372207
-0.00772226648 2.784645 0.238653868
-0.008200647 2.771206 0.2266748
-0.0168913268 2.77333045 0.226999491
-0.024412619 2.78568125 0.224214211
-0.00598265138 2.77124929 0.226653218
-0.00495954 2.78413033 0.238063246
-0.005240216 2.78473759 0.239585817
-0.00254190573 2.783887 0.238573879
-0.00260552368 2.78454542 0.240069956
3.798601E-16 2.78384423 0.238897935
2.32834429E-11 2.78447747 0.240205467
-0.0037879725 2.77132463 0.2268792
-0.00254190573 2.783887 0.238573879
3.798601E-16 2.77141857 0.227276653
3.798601E-16 2.78384423 0.238897935
3.798601E-16 2.7705 0.203025341
-0.003906075 2.770524 0.202991724
-0.00615667 2.77052784 0.203092426
-0.00840881653 2.77063084 0.203229755
-0.008200647 2.771206 0.2266748
-0.0169239882 2.77340412 0.203849524
-0.0168913268 2.77333045 0.226999491
-0.0244156551 2.78538847 0.206774384
3.798601E-16 2.78563166 0.207005322
3.798601E-16 2.80079341 0.206374109
-0.002762083 2.80072451 0.206387073
-0.005359998 2.80051446 0.20648548
-0.008230784 2.79988313 0.206505522
-0.0103986654 2.79894066 0.206642181
-0.0163258314 2.79672956 0.207036272
-0.0244156551 2.78538847 0.206774384
-0.0169239882 2.77340412 0.203849524
-0.00840881653 2.77063084 0.203229755
-0.00615667 2.77052784 0.203092426
-0.003906075 2.770524 0.202991724
3.798601E-16 2.7705 0.203025341
-0.08916655 2.836939 0.133881435
-0.09008336 2.83742785 0.136534959
-0.0824161544 2.83172941 0.143898889
-0.09291476 2.843375 0.133687273
-0.09198664 2.84285522 0.130440861
-0.09413902 2.84967327 0.132889971
-0.09330253 2.84995413 0.12908119
-0.09311296 2.855953 0.129852861
-0.09427334 2.85593033 0.133597538
-0.0925153643 2.86190557 0.131492287
-0.09373355 2.86095715 0.13486518
-0.09092468 2.86720324 0.134340063
-0.0920030549 2.86512852 0.137202829
-0.0875641 2.869586 0.139335036
-0.08925326 2.8670814 0.140946776
-0.08660504 2.86610961 0.143729538
-0.08444258 2.86888242 0.142710343
-0.08266687 2.86243963 0.146419123
-0.07974035 2.86378479 0.146126866
-0.08054501 2.85892963 0.147533968
-0.07783676 2.85960174 0.147107035
-0.0787120238 2.85515356 0.148195
-0.07573736 2.85443068 0.147821888
-0.0777218938 2.8510766 0.147525281
-0.07512319 2.85059166 0.146994814
-0.07633693 2.84739637 0.144472823
-0.07851947 2.848104 0.1456007
-0.0796604 2.84454155 0.139002383
-0.08218849 2.84550285 0.140987962
-0.08410164 2.844232 0.135464832
-0.0853508562 2.845183 0.136794582
-0.0877912343 2.84650421 0.132625669
-0.07573736 2.85443068 0.147821888
-0.0815694 2.85634732 0.1422467
-0.0798732638 2.85785317 0.140890688
-0.08473837 2.854877 0.139645219
-0.0835643858 2.8565743 0.136059076
-0.08712089 2.85044551 0.137335032
-0.08678751 2.85143423 0.13344574
-0.08814676 2.846863 0.13627167
-0.0877912343 2.84650421 0.132625669
-0.08698654 2.842448 0.134646609
-0.087744534 2.84291863 0.137020275
-0.0863578245 2.83938551 0.138624921
-0.08458377 2.83777857 0.13811411
-0.08183354 2.8348124 0.143448517
-0.0802810863 2.83226061 0.140099153
-0.0732295439 2.828592 0.145160317
-0.07460117 2.83160472 0.149249852
-0.0695648 2.82623672 0.15169996
-0.0709868 2.82924867 0.15313682
-0.0798732638 2.85785317 0.140890688
-0.07512319 2.85059166 0.146994814
-0.07573736 2.85443068 0.147821888
-0.07633693 2.84739637 0.144472823
-0.0835643858 2.8565743 0.136059076
-0.0796604 2.84454155 0.139002383
-0.08678751 2.85143423 0.13344574
-0.08410164 2.844232 0.135464832
-0.0877912343 2.84650421 0.132625669
-0.0877912343 2.84650421 0.132625669
-0.08698654 2.842448 0.134646609
-0.0853508562 2.845183 0.136794582
-0.0837237 2.840073 0.139367908
-0.08458377 2.83777857 0.13811411
-0.08091164 2.84280634 0.141809732
-0.08218849 2.84550285 0.140987962
-0.07851947 2.848104 0.1456007
-0.0750512555 2.84550786 0.148197979
-0.0750512555 2.84550786 0.148197979
-0.06914686 2.845798 0.151912659
-0.07121344 2.84489965 0.1537419
-0.07371486 2.84689426 0.146879047
-0.08091164 2.84280634 0.141809732
-0.08013368 2.84399843 0.140352547
-0.0837237 2.840073 0.139367908
-0.08321159 2.84081 0.137962848
-0.08458377 2.83777857 0.13811411
-0.07371486 2.84689426 0.146879047
-0.07106411 2.84087157 0.148698747
-0.06914686 2.845798 0.151912659
-0.08013368 2.84399843 0.140352547
-0.0769227 2.83613443 0.141373873
-0.08321159 2.84081 0.137962848
-0.0706600547 2.837339 0.149303943
-0.08458377 2.83777857 0.13811411
-0.0802810863 2.83226061 0.140099153
-0.06862643 2.834742 0.1514976
-0.0732295439 2.828592 0.145160317
-0.0695648 2.82623672 0.15169996
-0.06914686 2.845798 0.151912659
-0.07106411 2.84087157 0.148698747
-0.07121344 2.84489965 0.1537419
-0.07424866 2.840078 0.1483917
-0.06862643 2.834742 0.1514976
-0.0695648 2.82623672 0.15169996
-0.0709868 2.82924867 0.15313682
-0.07103648 2.8341496 0.152135849
-0.0706600547 2.837339 0.149303943
-0.07362859 2.83686352 0.148934439
-0.07424866 2.840078 0.1483917
-0.07106411 2.84087157 0.148698747
-0.0581511259 2.84866285 0.222336575
-0.056003578 2.84625745 0.223742843
-0.05549319 2.846447 0.222834483
-0.05848477 2.84849072 0.223383427
-0.060625717 2.851381 0.223392427
-0.06037068 2.85156441 0.222277254
-0.06287099 2.85529947 0.2238656
-0.06267183 2.85547543 0.222703129
-0.0642338246 2.85870028 0.223311856
-0.06267183 2.85547543 0.222703129
-0.06443103 2.858531 0.224485427
-0.05291047 2.84503675 0.224600017
-0.05549319 2.846447 0.222834483
-0.056003578 2.84625745 0.223742843
-0.05263614 2.84533048 0.2236265
-0.0488294438 2.84445143 0.2247298
-0.04899495 2.84418321 0.2257842
-0.0437964164 2.84432125 0.22620894
-0.0439629033 2.84404731 0.227323383
-0.0386035554 2.8443737 0.227517277
-0.0386329442 2.844132 0.228713751
-0.0333105847 2.844738 0.228893518
-0.03341321 2.84448814 0.230173141
-0.02827864 2.84531379 0.230199113
-0.0284571163 2.845055 0.2315112
-0.0254288316 2.84609461 0.231083155
-0.0255845152 2.84577656 0.232361943
-0.0234880261 2.84694862 0.2317565
-0.0235183444 2.84670568 0.233054012
-0.022270374 2.8479073 0.2322675
-0.02241962 2.84761167 0.233573332
-0.0217806473 2.84920478 0.232826322
-0.0221483447 2.84890079 0.2340977
-0.0221726634 2.850768 0.233349
-0.0225427039 2.85048962 0.234591141
-0.0233545937 2.852315 0.233777136
-0.0221726634 2.850768 0.233349
-0.0236769542 2.85202265 0.2349805
-0.02597334 2.85414553 0.234211773
-0.0264490433 2.85389543 0.235370427
-0.0296207126 2.85523367 0.234334558
-0.03016088 2.854941 0.235522687
-0.0345940366 2.85616851 0.2342806
-0.0349201523 2.855897 0.235484779
-0.0392664447 2.85678339 0.2338685
-0.03956897 2.856529 0.2350944
-0.0439356677 2.8574152 0.2331126
-0.0442344919 2.85709524 0.234312743
-0.0486500338 2.85791731 0.231777
-0.04903023 2.85766363 0.232938856
-0.053337045 2.858409 0.229885668
-0.0539137721 2.85818315 0.230976611
-0.0583065823 2.85851765 0.228610322
-0.0577826835 2.85870743 0.227550447
-0.0622295178 2.85860252 0.226050138
-0.06191857 2.858749 0.2248117
-0.06443103 2.858531 0.224485427
-0.0642338246 2.85870028 0.223311856
0.07843592 2.86675024 0.146842957
0.07633789 2.86382 0.141185492
0.07402741 2.86397243 0.147426382
0.08312903 2.87027574 0.14268063
0.08654676 2.87110353 0.138255686
0.08868304 2.869345 0.134099558
0.07563768 2.857339 0.136689231
0.08538573 2.87042856 0.144401625
0.0892112553 2.87183642 0.1397537
0.0808129758 2.86654 0.148720667
0.09256292 2.8688817 0.1342409
0.07757167 2.8623085 0.150921538
0.07420711 2.86195278 0.149007991
0.0734369159 2.8543117 0.152757645
0.07402741 2.86397243 0.147426382
0.08898161 2.86277246 0.130747169
0.09415722 2.862988 0.131146625
0.0894548446 2.85676718 0.128981143
0.09488037 2.85682559 0.129389822
0.09515241 2.85025859 0.128260374
0.08868087 2.847769 0.1290019
0.093681 2.84196281 0.129366726
0.0707476139 2.84382486 0.137150422
0.08527513 2.839332 0.131777868
0.0904931054 2.8355732 0.132694334
0.08358751 2.82700658 0.139798224
0.077645 2.83205223 0.138382375
0.0661142841 2.83451772 0.14195548
0.07868691 2.820434 0.14364107
0.07052072 2.82710457 0.144572154
0.07412082 2.81619024 0.147729188
0.06743506 2.81681085 0.15150781
0.0601179525 2.82296634 0.151573926
0.06297992 2.81950521 0.151986614
0.0583018363 2.81924033 0.152899846
0.0624494441 2.81759715 0.152510151
0.06181643 2.81464219 0.1533943
0.0566738322 2.81596851 0.154110223
0.06082159 2.80924654 0.154958487
0.05386198 2.8090837 0.156523585
0.0593432561 2.80413032 0.156186625
0.05053459 2.80333567 0.1585123
0.0575163774 2.79832888 0.1578112
0.05387903 2.790558 0.161181256
0.0443195142 2.793287 0.162589133
0.04877454 2.78357887 0.166942313
0.03648042 2.78454328 0.168663546
0.0439062752 2.77779484 0.173989847
0.037412446 2.77147961 0.182171389
0.0238143075 2.776681 0.175276831
0.0506844074 2.78313112 0.172149166
0.0452601127 2.77697682 0.179319546
0.0558633357 2.79046035 0.165244788
0.05387903 2.790558 0.161181256
0.05984404 2.79865932 0.1614443
0.0575163774 2.79832888 0.1578112
0.0617104545 2.80423546 0.1599917
0.0593432561 2.80413032 0.156186625
0.0610023662 2.798753 0.1678105
0.05677882 2.790353 0.172820508
0.063339 2.80905342 0.158851087
0.06082159 2.80924654 0.154958487
0.06478589 2.80942082 0.165573433
0.06471473 2.81491756 0.157407
0.06181643 2.81464219 0.1533943
0.06509988 2.8184793 0.156340629
0.0624494441 2.81759715 0.152510151
0.06297992 2.81950521 0.151986614
0.06554114 2.82124567 0.155650109
0.0671169758 2.81878018 0.164695
0.06711393 2.82240415 0.159629062
0.06721521 2.82485676 0.157059044
0.0658765957 2.80772543 0.184165075
0.0686494 2.81686282 0.1837702
0.06976052 2.82830215 0.167388
0.06879769 2.82892227 0.161481872
0.0619705319 2.798308 0.185279071
0.06690194 2.8145566 0.204734236
0.06355965 2.80592775 0.205532327
0.0570658743 2.789846 0.188421845
0.0595200248 2.79739118 0.206164151
0.051269833 2.78299928 0.18020308
0.0515406169 2.78274155 0.192551553
0.0453237668 2.7765007 0.187030375
0.0545644164 2.78976917 0.20675683
0.0386712439 2.7711513 0.186711416
0.0310405456 2.76606536 0.18932268
0.0234853942 2.76068544 0.196743548
0.0100900438 2.771951 0.179771274
0.032004647 2.76585484 0.193896025
0.03892192 2.7708106 0.193602577
0.045593217 2.77656579 0.196563512
0.04937144 2.78296685 0.207716748
0.01570746 2.7561202 0.203806
0.02425148 2.75998378 0.201459959
0.0320053473 2.765233 0.199767426
0.0388020575 2.770498 0.200703919
0.0434947 2.776762 0.209088251
0.04669524 2.78375983 0.215684
0.008650061 2.75249958 0.209799826
3.798601E-16 2.77118587 0.180467665
3.798601E-16 2.748947 0.216234162
0.0165096484 2.75520062 0.2082693
0.02444278 2.7599237 0.206257775
0.0314807668 2.765143 0.204641387
0.03725451 2.77110529 0.210535362
0.00396808 2.74842119 0.21881786
3.798601E-16 2.74782658 0.219895214
0.009064641 2.75080562 0.214674473
0.0166103318 2.75497627 0.212536424
0.02447825 2.76014066 0.208450466
0.0040978184 2.748011 0.2223183
3.798601E-16 2.74738288 0.223394334
0.0097277 2.750684 0.218414992
0.0303725246 2.76569486 0.212595671
0.004168865 2.748432 0.224642515
3.798601E-16 2.747838 0.225535646
0.0240542013 2.76076841 0.215201065
0.0101494323 2.75114059 0.221893311
0.016697498 2.75548434 0.218502223
0.004270016 2.75027132 0.227111146
3.798601E-16 2.74959469 0.2280262
0.0101851057 2.753 0.224891812
0.0162147954 2.75715017 0.222402051
0.023078151 2.7622962 0.2199048
0.0289145075 2.76705456 0.218216628
0.010021274 2.75578713 0.227273226
0.0155901276 2.759355 0.225730315
0.0218808241 2.764327 0.223766655
0.0350028761 2.77233553 0.217090085
0.0142780133 2.76348376 0.228644013
0.0272101387 2.76871443 0.222456366
0.0407715738 2.7776072 0.216190517
0.0328724422 2.77366424 0.221262246
0.0196872652 2.76763344 0.227569312
0.0384537354 2.778572 0.2205391
0.00935569 2.76063967 0.229237348
0.012756383 2.76808953 0.231504977
0.004319996 2.753197 0.228947163
3.798601E-16 2.75218868 0.229892
-0.004270016 2.75027132 0.227111146
3.798601E-16 2.747838 0.225535646
-0.004168865 2.748432 0.224642515
3.798601E-16 2.74738288 0.223394334
-0.0040978184 2.748011 0.2223183
3.798601E-16 2.74782658 0.219895214
-0.00396808 2.74842119 0.21881786
3.798601E-16 2.748947 0.216234162
-0.008650061 2.75249958 0.209799826
3.798601E-16 2.77118587 0.180467665
-0.0100900438 2.771951 0.179771274
3.798601E-16 2.75793934 0.23114562
-0.004319996 2.753197 0.228947163
0.00419158349 2.75884533 0.230441853
-0.0101494323 2.75114059 0.221893311
-0.0097277 2.750684 0.218414992
-0.0101851057 2.753 0.224891812
-0.010021274 2.75578713 0.227273226
-0.0162147954 2.75715017 0.222402051
-0.009064641 2.75080562 0.214674473
-0.016697498 2.75548434 0.218502223
-0.0166103318 2.75497627 0.212536424
-0.0165096484 2.75520062 0.2082693
-0.01570746 2.7561202 0.203806
-0.0234853942 2.76068544 0.196743548
-0.02425148 2.75998378 0.201459959
-0.0310405456 2.76606536 0.18932268
-0.032004647 2.76585484 0.193896025
-0.0320053473 2.765233 0.199767426
-0.02444278 2.7599237 0.206257775
-0.0314807668 2.765143 0.204641387
-0.02447825 2.76014066 0.208450466
-0.0303725246 2.76569486 0.212595671
-0.0240542013 2.76076841 0.215201065
-0.0289145075 2.76705456 0.218216628
-0.023078151 2.7622962 0.2199048
-0.0272101387 2.76871443 0.222456366
-0.0155901276 2.759355 0.225730315
-0.0218808241 2.764327 0.223766655
-0.0142780133 2.76348376 0.228644013
-0.0196872652 2.76763344 0.227569312
-0.024256 2.771567 0.226459771
-0.00935569 2.76063967 0.229237348
-0.012756383 2.76808953 0.231504977
-0.0243557077 2.77898836 0.2307271
-0.01724106 2.7712605 0.230877012
-0.00419158349 2.75884533 0.230441853
3.798601E-16 2.76377773 0.232848525
-0.00390908169 2.76453018 0.232370883
0.00390908169 2.76453018 0.232370883
-0.0228696242 2.78477931 0.234399408
-0.008510891 2.76593471 0.2318939
3.798601E-16 2.76947618 0.234995991
0.008510891 2.76593471 0.2318939
-0.00357312849 2.769936 0.234691083
-0.00750921946 2.77086139 0.234163046
0.00357312849 2.769936 0.234691083
3.798601E-16 2.773771 0.237679616
0.00750921946 2.77086139 0.234163046
-0.0109989978 2.77226019 0.234016612
-0.003184377 2.774041 0.237451643
3.798601E-16 2.7756393 0.239585772
0.003184377 2.774041 0.237451643
-0.00649226736 2.77474618 0.236801088
-0.003024104 2.775817 0.239164412
0.0109989978 2.77226019 0.234016612
0.00649226736 2.77474618 0.236801088
0.003024104 2.775817 0.239164412
0.01724106 2.7712605 0.230877012
0.024256 2.771567 0.226459771
0.02914659 2.776306 0.225621149
0.03373057 2.78115654 0.225466058
0.0243557077 2.77898836 0.2307271
0.02102349 2.774571 0.230178967
0.0278143939 2.78478813 0.231915727
0.039075 2.787194 0.225814819
0.0330879539 2.79060817 0.231429279
0.0439459421 2.78491831 0.220636934
0.05198471 2.79051781 0.21544221
0.0181920771 2.77680254 0.233032838
0.0210068729 2.780387 0.2332646
0.0228696242 2.78477931 0.234399408
0.0240349285 2.79071426 0.236478612
0.0147724431 2.774393 0.233589411
0.0490556248 2.79134941 0.221120551
0.05652258 2.79765248 0.215546846
0.06024869 2.80528283 0.21609351
0.043972142 2.79316783 0.226489007
0.053299088 2.79824877 0.222086
0.0633880943 2.813549 0.216847
0.03740543 2.79607 0.231637746
0.048031874 2.79952478 0.227509916
0.0563859344 2.80536938 0.223083347
0.0410601534 2.80191946 0.232015759
0.0505001619 2.80603862 0.2284508
0.04326322 2.80753183 0.232258126
0.059020564 2.8130908 0.223827392
0.06962306 2.82484174 0.204215944
0.03683444 2.80936718 0.2353425
0.0347275 2.80426931 0.2354142
0.0315001532 2.79890656 0.235701174
0.07173674 2.83385515 0.203588873
0.0708964542 2.82656717 0.183784366
0.0728293359 2.834973 0.18370451
0.07189159 2.83628845 0.168289974
0.07044198 2.83652687 0.161492944
0.06799507 2.8290174 0.156364366
0.06923442 2.8363 0.155318737
0.07424866 2.840078 0.1483917
0.07362859 2.83686352 0.148934439
0.07103648 2.8341496 0.152135849
0.0709868 2.82924867 0.15313682
0.0703506 2.82424331 0.153915688
0.06919079 2.818854 0.154346913
0.06554114 2.82124567 0.155650109
0.07498747 2.82548046 0.150065348
0.07460117 2.83160472 0.149249852
0.06743506 2.81681085 0.15150781
0.06297992 2.81950521 0.151986614
0.0750870556 2.81839275 0.150750384
0.07412082 2.81619024 0.147729188
0.0790877044 2.82211757 0.147320643
0.07868691 2.820434 0.14364107
0.0824161544 2.83172941 0.143898889
0.08183354 2.8348124 0.143448517
0.08389339 2.82936215 0.143078431
0.08358751 2.82700658 0.139798224
0.09008336 2.83742785 0.136534959
0.0904931054 2.8355732 0.132694334
0.09291476 2.843375 0.133687273
0.093681 2.84196281 0.129366726
0.09413902 2.84967327 0.132889971
0.09515241 2.85025859 0.128260374
0.09427334 2.85593033 0.133597538
0.09488037 2.85682559 0.129389822
0.09373355 2.86095715 0.13486518
0.09415722 2.862988 0.131146625
0.0920030549 2.86512852 0.137202829
0.09256292 2.8688817 0.1342409
0.08925326 2.8670814 0.140946776
0.0892112553 2.87183642 0.1397537
0.08538573 2.87042856 0.144401625
0.08660504 2.86610961 0.143729538
0.0808129758 2.86654 0.148720667
0.08266687 2.86243963 0.146419123
0.07757167 2.8623085 0.150921538
0.08054501 2.85892963 0.147533968
0.0787120238 2.85515356 0.148195
0.0734369159 2.8543117 0.152757645
0.0777218938 2.8510766 0.147525281
0.0750512555 2.84550786 0.148197979
0.07851947 2.848104 0.1456007
0.08091164 2.84280634 0.141809732
0.08218849 2.84550285 0.140987962
0.0853508562 2.845183 0.136794582
0.0837237 2.840073 0.139367908
0.08698654 2.842448 0.134646609
0.0877912343 2.84650421 0.132625669
0.08458377 2.83777857 0.13811411
0.0027620825 2.80072451 0.206387073
3.798601E-16 2.80079341 0.2314055
3.798601E-16 2.80079341 0.206374109
0.00274565676 2.800953 0.231601521
0.005267644 2.80108929 0.231459141
0.005359999 2.80051446 0.20648548
0.008270998 2.800578 0.230994657
0.008230784 2.79988313 0.206505522
0.0103312777 2.79969716 0.230517715
0.0103986645 2.79894066 0.206642181
0.0160721913 2.79722548 0.2287632
0.0163258314 2.79672956 0.207036272
0.0163258314 2.79672956 0.207036272
0.0244126357 2.78568125 0.224214211
0.0244156551 2.78538847 0.206774384
3.798601E-16 2.80079341 0.2314055
0.00244472548 2.78611064 0.238619521
3.798601E-16 2.78592014 0.2389462
0.00274565676 2.800953 0.231601521
0.005026735 2.78635287 0.238063872
0.005267644 2.80108929 0.231459141
0.007179261 2.78659248 0.237216383
0.008270998 2.800578 0.230994657
0.0103312777 2.79969716 0.230517715
0.00921663 2.78664947 0.236169368
0.01049755 2.78669357 0.235473245
0.0160721913 2.79722548 0.2287632
0.0121747386 2.7865963 0.234685227
0.0244126357 2.78568125 0.224214211
0.0128383208 2.78516 0.234363109
0.0124304043 2.78410888 0.2345765
0.0128383208 2.78516 0.234363109
0.012058787 2.78546667 0.2365569
0.0121747386 2.7865963 0.234685227
0.0124811465 2.78504419 0.236432314
0.0124304043 2.78410888 0.2345765
0.0124811465 2.78504419 0.236432314
0.0128383208 2.78516 0.234363109
0.0120800911 2.784525 0.236482754
0.0110268667 2.78385639 0.235371515
0.0244126357 2.78568125 0.224214211
0.01131832 2.78441429 0.2368206
0.009564889 2.78393316 0.236133948
0.009960988 2.78449082 0.237627789
0.007363236 2.78404713 0.23722066
0.00772226648 2.784645 0.238653868
0.008200647 2.771206 0.2266748
0.0168913268 2.77333045 0.226999491
0.0244126357 2.78568125 0.224214211
0.00598265138 2.77124929 0.226653218
0.00495954 2.78413033 0.238063246
0.005240216 2.78473759 0.239585817
0.00254190573 2.783887 0.238573879
0.00260552368 2.78454542 0.240069956
3.798601E-16 2.78384423 0.238897935
2.32834429E-11 2.78447747 0.240205467
0.0037879725 2.77132463 0.2268792
0.00254190573 2.783887 0.238573879
3.798601E-16 2.77141857 0.227276653
3.798601E-16 2.78384423 0.238897935
3.798601E-16 2.7705 0.203025341
0.003906075 2.770524 0.202991724
0.006156643 2.77052784 0.203092426
0.008408791 2.77063084 0.203229755
0.008200647 2.771206 0.2266748
0.01692399 2.77340412 0.203849524
0.0168913268 2.77333045 0.226999491
0.0244156551 2.78538847 0.206774384
0.0027620825 2.80072451 0.206387073
3.798601E-16 2.80079341 0.206374109
3.798601E-16 2.78563166 0.207005322
0.005359999 2.80051446 0.20648548
0.008230784 2.79988313 0.206505522
0.0103986645 2.79894066 0.206642181
0.0163258314 2.79672956 0.207036272
0.0244156551 2.78538847 0.206774384
0.01692399 2.77340412 0.203849524
0.008408791 2.77063084 0.203229755
0.006156643 2.77052784 0.203092426
0.003906075 2.770524 0.202991724
3.798601E-16 2.7705 0.203025341
-0.017091969 2.785754 0.221977234
-0.0184572339 2.79497981 0.215427965
-0.01826077 2.78671551 0.214343831
-0.0171630047 2.79392219 0.223157689
-0.0143618369 2.78504467 0.22666283
-0.0142778289 2.79338336 0.2281156
-0.0104037616 2.79287863 0.231562123
-0.0106667466 2.78444052 0.229609579
-0.00517821452 2.79265857 0.233530864
-0.005096741 2.78438687 0.231998235
3.71663817E-16 2.79261327 0.234080836
3.71663817E-16 2.784333 0.23263292
0.005096741 2.78438687 0.231998235
0.00517821452 2.79265857 0.233530864
0.0106667466 2.78444052 0.229609579
0.0104037616 2.79287863 0.231562123
0.0143618369 2.78504467 0.22666283
0.0142778289 2.79338336 0.2281156
0.0171630047 2.79392219 0.223157689
0.017091969 2.785754 0.221977234
0.0184572339 2.79497981 0.215427965
0.01826077 2.78671551 0.214343831
-0.0182603151 2.78552 0.214279383
-0.0153761376 2.77743721 0.219531342
-0.0162669439 2.77770257 0.213485777
-0.0170945823 2.78528738 0.221239462
-0.0133437719 2.777186 0.223644212
-0.0143386368 2.78494644 0.225848824
-0.0104028536 2.78464842 0.229138732
-0.009944573 2.77683115 0.226344228
-0.005086867 2.78451633 0.231056
-0.00489087868 2.776585 0.228232324
3.71663817E-16 2.78444815 0.231624454
3.71663817E-16 2.77651834 0.22900404
0.00489087868 2.776585 0.228232324
0.005086867 2.78451633 0.231056
0.009944573 2.77683115 0.226344228
0.0104028536 2.78464842 0.229138732
0.0133437719 2.777186 0.223644212
0.0143386368 2.78494644 0.225848824
0.0170945823 2.78528738 0.221239462
0.0153761376 2.77743721 0.219531342
0.0182603151 2.78552 0.214279383
0.0162669439 2.77770257 0.213485777
-0.01698313 2.77706671 0.22011213
-0.0182603151 2.78552 0.214279383
-0.0180935729 2.777445 0.213350415
-0.0170945823 2.78528738 0.221239462
-0.0145058837 2.77676082 0.224479571
-0.0143386368 2.78494644 0.225848824
-0.0104028536 2.78464842 0.229138732
-0.0104573965 2.77639174 0.227714986
-0.005086867 2.78451633 0.231056
-0.00507511571 2.77614164 0.229612261
3.71663817E-16 2.78444815 0.231624454
3.71663817E-16 2.776083 0.230315775
0.00507511571 2.77614164 0.229612261
0.005086867 2.78451633 0.231056
0.0104573965 2.77639174 0.227714986
0.0104028536 2.78464842 0.229138732
0.0145058837 2.77676082 0.224479571
0.0143386368 2.78494644 0.225848824
0.0170945823 2.78528738 0.221239462
0.01698313 2.77706671 0.22011213
0.0182603151 2.78552 0.214279383
0.0180935729 2.777445 0.213350415
-0.0156189688 2.79421926 0.222944409
-0.01826077 2.78671551 0.214343831
-0.0166122634 2.79518366 0.2154593
-0.017091969 2.785754 0.221977234
-0.0132205673 2.79364586 0.227380767
-0.0143618369 2.78504467 0.22666283
-0.009745045 2.79313684 0.23054719
-0.0106667466 2.78444052 0.229609579
-0.005096741 2.78438687 0.231998235
-0.0049702134 2.792895 0.232178479
3.71663817E-16 2.79285 0.23269929
3.71663817E-16 2.784333 0.23263292
0.005096741 2.78438687 0.231998235
0.0049702134 2.792895 0.232178479
0.009745045 2.79313684 0.23054719
0.0106667466 2.78444052 0.229609579
0.0143618369 2.78504467 0.22666283
0.0132205673 2.79364586 0.227380767
0.017091969 2.785754 0.221977234
0.0156189688 2.79421926 0.222944409
0.01826077 2.78671551 0.214343831
0.0166122634 2.79518366 0.2154593
0.0177356638 2.81034517 0.213933662
0.0185315534 2.81114912 0.213141561
0.0165736414 2.81201625 0.214664847
0.0197840277 2.80972219 0.212476626
0.01932159 2.810799 0.212526917
0.0188984368 2.80867314 0.213202015
0.0205852631 2.8104372 0.212010831
0.0220588855 2.80816317 0.211819112
0.0228737574 2.809908 0.211048126
0.0212995168 2.80664182 0.212521285
0.0253496468 2.80845356 0.210414976
0.0250890758 2.807038 0.211002827
0.0247672014 2.80528784 0.211726665
0.02864499 2.806725 0.209820181
0.02865893 2.80610228 0.210051477
0.0303876754 2.805799 0.209588245
0.0287423581 2.8039906 0.210829392
0.0338257477 2.80385 0.209284589
0.0339744277 2.80240655 0.209850937
0.0380766 2.8011775 0.2091723
-0.0380766 2.8011775 0.2091723
-0.0339744277 2.80240655 0.209850937
-0.0338257477 2.80385 0.209284589
-0.0287423581 2.8039906 0.210829392
-0.02865893 2.80610228 0.210051477
-0.0303876754 2.805799 0.209588245
-0.0247672014 2.80528784 0.211726665
-0.02864499 2.806725 0.209820181
-0.0250890758 2.807038 0.211002827
-0.0212995168 2.80664182 0.212521285
-0.0253496468 2.80845356 0.210414976
-0.0220588855 2.80816317 0.211819112
-0.0228737574 2.809908 0.211048126
-0.0188984368 2.80867314 0.213202015
-0.0205852631 2.8104372 0.212010831
-0.0197840277 2.80972219 0.212476626
-0.01932159 2.810799 0.212526917
-0.0177356638 2.81034517 0.213933662
-0.0185315534 2.81114912 0.213141561
-0.0165736414 2.81201625 0.214664847
-0.009992311 2.785644 0.237707466
-0.0117555363 2.78562045 0.2377604
-0.0113423681 2.78557634 0.2370289
-0.0103744864 2.7857306 0.238889828
-0.0122717191 2.78577447 0.238252789
-0.007700689 2.78564358 0.2387608
-0.0107519459 2.78595066 0.239736214
-0.012960976 2.78604031 0.238626957
-0.008144817 2.78576374 0.240283579
-0.00527300034 2.78536534 0.23960194
-0.00560585875 2.78552651 0.2415545
-0.002583472 2.78506756 0.240190744
-0.008519227 2.78607154 0.24148874
-0.00297764735 2.785262 0.242497414
3.798601E-16 2.784852 0.240357354
-0.0112515362 2.78643823 0.240665957
-0.005998719 2.78600121 0.243057966
-0.008980892 2.78671265 0.242732331
3.798601E-16 2.785047 0.242999792
-0.00326633314 2.78584528 0.244271889
-0.0063835755 2.786808 0.244515151
0.00297764735 2.785262 0.242497414
0.00258347276 2.78506756 0.240190744
0.00560585875 2.78552651 0.2415545
0.00527300034 2.78536534 0.23960194
0.008144817 2.78576374 0.240283579
0.007700703 2.78564358 0.238760844
0.0103744864 2.7857306 0.238889828
0.009992311 2.785644 0.237707466
0.0117555363 2.78562045 0.2377604
0.0113423681 2.78557634 0.2370289
0.0122717191 2.78577447 0.238252789
0.0107519459 2.78595066 0.239736214
0.012960976 2.78604031 0.238626957
0.008519227 2.78607154 0.24148874
0.005998719 2.78600121 0.243057966
0.0112515362 2.78643823 0.240665957
0.00326633314 2.78584528 0.244271889
0.008980892 2.78671265 0.242732331
3.798601E-16 2.785664 0.245049521
0.0063835755 2.786808 0.244515151
-0.003513625 2.78670335 0.245877117
0.003513625 2.78670335 0.245877117
3.798601E-16 2.78659725 0.246894971
0.0119623393 2.787304 0.241552666
0.009529911 2.787929 0.243861765
0.006817124 2.78827477 0.246009827
0.00370123633 2.78848553 0.247749418
0.007014853 2.78990173 0.246649459
0.0138100507 2.78662539 0.239347741
0.0100199217 2.78937244 0.244497865
0.0127332183 2.78850412 0.242212057
0.0104666688 2.791081 0.244778
3.798601E-16 2.78855824 0.248827726
0.00372088421 2.79022479 0.248313874
0.00716454163 2.79182434 0.2469058
-0.00370123633 2.78848553 0.247749418
-0.006817124 2.78827477 0.246009827
-0.009529911 2.787929 0.243861765
-0.007014853 2.78990173 0.246649459
-0.00372088421 2.79022479 0.248313874
3.798601E-16 2.79037523 0.249412149
-0.0119623393 2.787304 0.241552666
0.003683631 2.79218388 0.248525113
-0.0100199217 2.78937244 0.244497865
-0.0138100507 2.78662539 0.239347741
-0.0127332183 2.78850412 0.242212057
-0.0104666688 2.791081 0.244778
-0.00716454163 2.79182434 0.2469058
-0.003683631 2.79218388 0.248525113
3.798601E-16 2.79226637 0.249464154
-0.007283016 2.79558873 0.247101873
-0.0112293148 2.794635 0.245346159
-0.00349936518 2.79606938 0.248317048
-0.01343075 2.789997 0.2424954
-0.0148373991 2.78752184 0.2396811
-0.0147975981 2.793393 0.242846221
-0.01598233 2.78875351 0.240129
0.00349936518 2.79606938 0.248317048
3.798601E-16 2.7961874 0.249277785
0.007283016 2.79558873 0.247101873
0.0112293148 2.794635 0.245346159
0.00743864756 2.79899931 0.24778986
0.003425233 2.79960728 0.249205917
0.0118544437 2.79794741 0.245852053
-0.003425233 2.79960728 0.249205917
3.798601E-16 2.79982781 0.250110865
-0.00743864756 2.79899931 0.24778986
-0.0118544437 2.79794741 0.245852053
-0.0158605054 2.79650545 0.243017375
0.00721425656 2.80299783 0.249648958
0.0115756467 2.80363822 0.2471055
0.00333708338 2.80252671 0.251456857
-0.00721425656 2.80299783 0.249648958
-0.0204013065 2.794137 0.239744782
-0.00333708338 2.80252671 0.251456857
-0.00595669169 2.80610824 0.253066868
-0.0211766623 2.78863859 0.237115785
-0.0183531828 2.791412 0.239941448
3.798601E-16 2.80225039 0.25254035
-0.00454245135 2.80888033 0.25721094
-0.00320312078 2.80490851 0.25523904
-0.01796467 2.78696036 0.237758249
-0.0189518947 2.78460979 0.235940889
-0.00294084614 2.81187725 0.261336237
-0.002599533 2.80752182 0.258930355
3.798601E-16 2.80455446 0.2560861
-0.0162802 2.7862587 0.2379228
-0.0210068729 2.780387 0.2332646
-0.0168536212 2.78456688 0.236569166
-0.0148680545 2.78587317 0.2378408
0.00320312078 2.80490851 0.25523904
-0.02102349 2.774571 0.230178967
-0.0178566836 2.78162384 0.2351992
-0.0181920771 2.77680254 0.233032838
-0.0147724431 2.774393 0.233589411
-0.0155414138 2.77894855 0.235242456
-0.0160441659 2.78237772 0.235998124
-0.0126802158 2.77721381 0.235686734
-0.0151954778 2.78468 0.236770675
-0.0140485223 2.780186 0.236052737
-0.009599031 2.775775 0.2362257
-0.01446531 2.78311372 0.236311629
-0.0140507231 2.784791 0.236779824
-0.0117140319 2.77885437 0.236667186
-0.006059928 2.77648473 0.238512322
-0.0137378275 2.78563452 0.237570375
-0.0128641892 2.78148651 0.236683175
-0.013441762 2.783662 0.236513376
-0.013482227 2.7848773 0.236700013
-0.0140507231 2.784791 0.236779824
-0.013030054 2.785535 0.237404719
-0.0122717191 2.78577447 0.238252789
-0.0124402195 2.78549218 0.237159342
-0.0117555363 2.78562045 0.2377604
-0.0113423681 2.78557634 0.2370289
-0.012058787 2.78546667 0.2365569
-0.0124811493 2.78504419 0.236432314
-0.01294479 2.78498316 0.236501068
-0.0127909109 2.78401232 0.23676002
-0.0121214977 2.7825532 0.237122387
-0.01228843 2.78430986 0.236846939
-0.0124811493 2.78504419 0.236432314
-0.012080092 2.784525 0.236482754
-0.01131832 2.78441429 0.2368206
-0.0116718 2.78333282 0.2375424
-0.0114141032 2.78399849 0.237571567
-0.009960988 2.78449082 0.237627789
-0.0100885406 2.78365254 0.238614261
-0.00772226648 2.784645 0.238653868
-0.01030589 2.782614 0.2386609
-0.007987648 2.7831018 0.240262985
-0.005240216 2.78473759 0.239585817
-0.0104990741 2.78150535 0.238265082
-0.00553329429 2.78269 0.241860867
-0.00260552368 2.78454542 0.240069956
-0.008066166 2.78168654 0.2402884
-0.0109021543 2.78023458 0.237619877
-0.00276458124 2.78242373 0.2429139
2.32834429E-11 2.78447747 0.240205467
-0.00556754926 2.78090048 0.242068633
-0.008165195 2.78036857 0.239678651
-0.008429772 2.779105 0.238869369
-0.00554313464 2.77931261 0.241308928
-0.0028637033 2.78038239 0.24316144
3.798601E-16 2.78228164 0.243109465
-0.008879957 2.77750969 0.237726748
-0.00568233 2.77809334 0.2401256
-0.00284773344 2.77864933 0.242503956
-0.002924215 2.77735758 0.241066784
3.798601E-16 2.77715087 0.241457731
3.798601E-16 2.780325 0.243393868
0.002924215 2.77735758 0.241066784
3.798601E-16 2.778408 0.242890254
0.00284773344 2.77864933 0.242503956
0.0028637033 2.78038239 0.24316144
0.00568233 2.77809334 0.2401256
0.00276458124 2.78242373 0.2429139
0.00260552368 2.78454542 0.240069956
0.00554313464 2.77931261 0.241308928
0.00553329429 2.78269 0.241860867
0.005240216 2.78473759 0.239585817
0.00556754926 2.78090048 0.242068633
0.007987648 2.7831018 0.240262985
0.00772226648 2.784645 0.238653868
0.008066166 2.78168654 0.2402884
0.008165195 2.78036857 0.239678651
0.0100885406 2.78365254 0.238614261
0.009960988 2.78449082 0.237627789
0.01030589 2.782614 0.2386609
0.0114141032 2.78399849 0.237571567
0.01131832 2.78441429 0.2368206
0.0116718 2.78333282 0.2375424
0.01228843 2.78430986 0.236846939
0.0120800911 2.784525 0.236482754
0.0124811465 2.78504419 0.236432314
0.01294479 2.78498316 0.236501068
0.0104990741 2.78150535 0.238265082
0.0127909109 2.78401232 0.23676002
0.0121214977 2.7825532 0.237122387
0.0109021543 2.78023458 0.237619877
0.0128641892 2.78148651 0.236683175
0.013441762 2.783662 0.236513376
0.008429772 2.779105 0.238869369
0.0117140319 2.77885437 0.236667186
0.008879957 2.77750969 0.237726748
0.006059928 2.77648473 0.238512322
0.009599031 2.775775 0.2362257
0.0126802158 2.77721381 0.235686734
0.0140485223 2.780186 0.236052737
0.0155414138 2.77894855 0.235242456
0.01446531 2.78311372 0.236311629
0.0160441659 2.78237772 0.235998124
0.0178566836 2.78162384 0.2351992
0.0189518947 2.78460979 0.235940889
0.0168536212 2.78456688 0.236569166
0.0151954778 2.78468 0.236770675
0.0140507231 2.784791 0.236779824
0.0211766623 2.78863859 0.237115785
0.01796467 2.78696036 0.237758249
0.0162802 2.7862587 0.2379228
0.0148680545 2.78587317 0.2378408
0.0137378275 2.78563452 0.237570375
0.013482227 2.7848773 0.236700013
0.0140507231 2.784791 0.236779824
0.013030054 2.785535 0.237404719
0.0124402195 2.78549218 0.237159342
0.0124811465 2.78504419 0.236432314
0.012058787 2.78546667 0.2365569
0.0113423681 2.78557634 0.2370289
0.0117555363 2.78562045 0.2377604
0.0122717191 2.78577447 0.238252789
0.0148373991 2.78752184 0.2396811
0.01343075 2.789997 0.2424954
0.01598233 2.78875351 0.240129
0.0147975981 2.793393 0.242846221
0.0183531828 2.791412 0.239941448
0.0204013065 2.794137 0.239744782
0.0158605054 2.79650545 0.243017375
0.02256994 2.79755569 0.239609569
0.017528126 2.80049 0.242992669
0.0277565159 2.79418683 0.236044884
0.0252870638 2.80196929 0.239336058
0.0195300542 2.80464649 0.242437258
0.0143327834 2.80748487 0.246104464
0.008572022 2.80740857 0.251084358
0.00595669169 2.80610824 0.253066868
0.00454245135 2.80888033 0.25721094
0.002599533 2.80752182 0.258930355
0.00294084614 2.81187725 0.261336237
3.798601E-16 2.807023 0.259616971
3.798601E-16 2.81014657 0.262745738
0.00109662372 2.81490541 0.2647298
0.00173409225 2.81070685 0.262328148
-0.00173409225 2.81070685 0.262328148
0.000721245538 2.81411862 0.265122771
3.798601E-16 2.8136754 0.26519385
-0.000721245538 2.81411862 0.265122771
3.798601E-16 2.81519771 0.265912443
-0.00109662372 2.81490541 0.2647298
3.798601E-16 2.81631 0.2660578
0.06191857 2.858749 0.2248117
0.0642338246 2.85870028 0.223311856
0.06443103 2.858531 0.224485427
0.0622295178 2.85860252 0.226050138
0.0577826835 2.85870743 0.227550447
0.0583065823 2.85851765 0.228610322
0.053337045 2.858409 0.229885668
0.0539137721 2.85818315 0.230976611
0.04903023 2.85766363 0.232938856
0.0486500338 2.85791731 0.231777
0.0442344919 2.85709524 0.234312743
0.0439356677 2.8574152 0.2331126
0.03956897 2.856529 0.2350944
0.0392664447 2.85678339 0.2338685
0.0349201523 2.855897 0.235484779
0.0345940366 2.85616851 0.2342806
0.03016088 2.854941 0.235522687
0.0296207126 2.85523367 0.234334558
0.0264490433 2.85389543 0.235370427
0.02597334 2.85414553 0.234211773
0.0236769542 2.85202265 0.2349805
0.0233545937 2.852315 0.233777136
0.0225427039 2.85048962 0.234591141
0.0221726634 2.850768 0.233349
0.0221483447 2.84890079 0.2340977
0.0221726634 2.850768 0.233349
0.0217806473 2.84920478 0.232826322
0.02241962 2.84761167 0.233573332
0.022270374 2.8479073 0.2322675
0.0235183444 2.84670568 0.233054012
0.0234880261 2.84694862 0.2317565
0.0255845152 2.84577656 0.232361943
0.02542882 2.84609461 0.231083155
0.0284571163 2.845055 0.2315112
0.02827864 2.84531379 0.230199113
0.03341321 2.84448814 0.230173141
0.03331057 2.844738 0.228893518
0.0386329442 2.844132 0.228713751
0.03860356 2.8443737 0.227517262
0.0439629033 2.84404731 0.227323383
0.0437964164 2.84432125 0.22620894
0.04899495 2.84418321 0.2257842
0.0488294438 2.84445143 0.2247298
0.05291047 2.84503675 0.224600017
0.05263614 2.84533048 0.2236265
0.05549319 2.846447 0.222834483
0.056003578 2.84625745 0.223742843
0.0642338246 2.85870028 0.223311856
0.06287099 2.85529947 0.2238656
0.06443103 2.858531 0.224485427
0.06267183 2.85547543 0.222703129
0.06037068 2.85156441 0.222277254
0.06267183 2.85547543 0.222703129
0.060625717 2.851381 0.223392427
0.0581511259 2.84866285 0.222336575
0.05848477 2.84849072 0.223383427
0.056003578 2.84625745 0.223742843
0.05549319 2.846447 0.222834483
0.0824161544 2.83172941 0.143898889
0.09008336 2.83742785 0.136534959
0.08916655 2.836939 0.133881435
0.09291476 2.843375 0.133687273
0.09198664 2.84285522 0.130440861
0.09413902 2.84967327 0.132889971
0.09330253 2.84995413 0.12908119
0.09311296 2.855953 0.129852861
0.09427334 2.85593033 0.133597538
0.0925153643 2.86190557 0.131492287
0.09373355 2.86095715 0.13486518
0.09092468 2.86720324 0.134340063
0.0920030549 2.86512852 0.137202829
0.0875641 2.869586 0.139335036
0.08925326 2.8670814 0.140946776
0.08660504 2.86610961 0.143729538
0.08444258 2.86888242 0.142710343
0.08266687 2.86243963 0.146419123
0.07974035 2.86378479 0.146126866
0.08054501 2.85892963 0.147533968
0.07783676 2.85960174 0.147107035
0.0787120238 2.85515356 0.148195
0.07573736 2.85443068 0.147821888
0.0777218938 2.8510766 0.147525281
0.07512319 2.85059166 0.146994814
0.07633693 2.84739637 0.144472823
0.07851947 2.848104 0.1456007
0.0796604 2.84454155 0.139002383
0.08218849 2.84550285 0.140987962
0.08410164 2.844232 0.135464832
0.0853508562 2.845183 0.136794582
0.0877912343 2.84650421 0.132625669
0.0798732638 2.85785317 0.140890688
0.0815694 2.85634732 0.1422467
0.07573736 2.85443068 0.147821888
0.08473837 2.854877 0.139645219
0.0835643858 2.8565743 0.136059076
0.08712089 2.85044551 0.137335032
0.08678751 2.85143423 0.13344574
0.08814676 2.846863 0.13627167
0.0877912343 2.84650421 0.132625669
0.08698654 2.842448 0.134646609
0.087744534 2.84291863 0.137020275
0.0863578245 2.83938551 0.138624921
0.08458377 2.83777857 0.13811411
0.08183354 2.8348124 0.143448517
0.0802810863 2.83226061 0.140099153
0.0732295439 2.828592 0.145160317
0.07460117 2.83160472 0.149249852
0.0695648 2.82623672 0.15169996
0.0709868 2.82924867 0.15313682
0.07573736 2.85443068 0.147821888
0.07512319 2.85059166 0.146994814
0.0798732638 2.85785317 0.140890688
0.07633693 2.84739637 0.144472823
0.0835643858 2.8565743 0.136059076
0.0796604 2.84454155 0.139002383
0.08678751 2.85143423 0.13344574
0.08410164 2.844232 0.135464832
0.0877912343 2.84650421 0.132625669
0.06914686 2.845798 0.151912659
0.0750512555 2.84550786 0.148197979
0.07121344 2.84489965 0.1537419
0.07371486 2.84689426 0.146879047
0.08091164 2.84280634 0.141809732
0.08013368 2.84399843 0.140352547
0.0837237 2.840073 0.139367908
0.08321159 2.84081 0.137962848
0.08458377 2.83777857 0.13811411
0.06914686 2.845798 0.151912659
0.07106411 2.84087157 0.148698747
0.07371486 2.84689426 0.146879047
0.08013368 2.84399843 0.140352547
0.0769227 2.83613443 0.141373873
0.0706600547 2.837339 0.149303943
0.08321159 2.84081 0.137962848
0.08458377 2.83777857 0.13811411
0.0802810863 2.83226061 0.140099153
0.06862643 2.834742 0.1514976
0.0732295439 2.828592 0.145160317
0.0695648 2.82623672 0.15169996
0.07121344 2.84489965 0.1537419
0.07106411 2.84087157 0.148698747
0.06914686 2.845798 0.151912659
0.07424866 2.840078 0.1483917
0.07424866 2.840078 0.1483917
0.0706600547 2.837339 0.149303943
0.07106411 2.84087157 0.148698747
0.07362859 2.83686352 0.148934439
0.07103648 2.8341496 0.152135849
0.06862643 2.834742 0.1514976
0.0709868 2.82924867 0.15313682
0.0695648 2.82623672 0.15169996
-0.01904937 2.84348 0.225548312
-0.022270374 2.8479073 0.2322675
-0.0169861317 2.84794855 0.227550626
-0.0234880261 2.84694862 0.2317565
-0.0225221217 2.84207439 0.224615455
-0.0254288316 2.84609461 0.231083155
-0.02706345 2.840884 0.22378625
-0.02827864 2.84531379 0.230199113
-0.0333105847 2.844738 0.228893518
-0.03205897 2.84008169 0.22298345
-0.0386035554 2.8443737 0.227517277
-0.0374856927 2.83943176 0.222091541
-0.04304041 2.83797741 0.220857278
-0.0437964164 2.84432125 0.22620894
-0.048179213 2.83743382 0.2193858
-0.0488294438 2.84445143 0.2247298
-0.05300838 2.83809233 0.2177786
-0.05263614 2.84533048 0.2236265
-0.0572472028 2.84010053 0.216647089
-0.05549319 2.846447 0.222834483
-0.0613918565 2.844544 0.215911448
-0.0581511259 2.84866285 0.222336575
-0.0656131357 2.85147667 0.216202945
-0.0227960572 2.85728431 0.2307845
-0.019697357 2.85243535 0.229564384
-0.0233545937 2.852315 0.233777136
-0.02597334 2.85414553 0.234211773
-0.0275601167 2.86141181 0.231286809
-0.0296207126 2.85523367 0.234334558
-0.0345940366 2.85616851 0.2342806
-0.0362942144 2.86374068 0.229684189
-0.0392664447 2.85678339 0.2338685
-0.0439356677 2.8574152 0.2331126
-0.0449942239 2.86541247 0.227495134
-0.0486500338 2.85791731 0.231777
-0.0535998344 2.86604023 0.224795461
-0.053337045 2.858409 0.229885668
-0.0577826835 2.85870743 0.227550447
-0.061027348 2.86508322 0.221542045
-0.06191857 2.858749 0.2248117
-0.0642338246 2.85870028 0.223311856
-0.06851823 2.860215 0.218080252
-0.0581511259 2.84866285 0.222336575
-0.0656131357 2.85147667 0.216202945
-0.06037068 2.85156441 0.222277254
-0.06267183 2.85547543 0.222703129
-0.06851823 2.860215 0.218080252
-0.06267183 2.85547543 0.222703129
-0.0656131357 2.85147667 0.216202945
-0.0642338246 2.85870028 0.223311856
0.0169861317 2.84794855 0.227550626
0.022270374 2.8479073 0.2322675
0.01904937 2.84348 0.225548312
0.0234880261 2.84694862 0.2317565
0.0225221217 2.84207439 0.224615455
0.02542882 2.84609461 0.231083155
0.02706345 2.840884 0.22378625
0.02827864 2.84531379 0.230199113
0.03331057 2.844738 0.228893518
0.03205897 2.84008169 0.22298345
0.03860356 2.8443737 0.227517262
0.0374856927 2.83943176 0.222091541
0.04304041 2.83797741 0.220857278
0.0437964164 2.84432125 0.22620894
0.048179213 2.83743382 0.2193858
0.0488294438 2.84445143 0.2247298
0.05300838 2.83809233 0.2177786
0.05263614 2.84533048 0.2236265
0.0572472028 2.84010053 0.216647118
0.05549319 2.846447 0.222834483
0.0613918565 2.844544 0.215911448
0.0581511259 2.84866285 0.222336575
0.0656131357 2.85147667 0.216202945
0.019697357 2.85243535 0.229564384
0.0227960572 2.85728431 0.2307845
0.0233545937 2.852315 0.233777136
0.02597334 2.85414553 0.234211773
0.0275601167 2.86141181 0.231286809
0.0296207126 2.85523367 0.234334558
0.0345940366 2.85616851 0.2342806
0.0362942144 2.86374068 0.229684189
0.0392664447 2.85678339 0.2338685
0.0439356677 2.8574152 0.2331126
0.0449942239 2.86541247 0.227495134
0.0486500338 2.85791731 0.231777
0.0535998344 2.86604023 0.224795461
0.053337045 2.858409 0.229885668
0.0577826835 2.85870743 0.227550447
0.061027348 2.86508322 0.221542045
0.06191857 2.858749 0.2248117
0.0642338246 2.85870028 0.223311856
0.06851822 2.860215 0.218080252
0.0656131357 2.85147667 0.216202945
0.0581511259 2.84866285 0.222336575
0.06037068 2.85156441 0.222277254
0.06267183 2.85547543 0.222703129
0.0656131357 2.85147667 0.216202945
0.06267183 2.85547543 0.222703129
0.06851822 2.860215 0.218080252
0.0642338246 2.85870028 0.223311856
-0.0180955883 2.85119247 0.239171028
-0.0198492669 2.85270476 0.238417313
-0.02014257 2.85233259 0.238322049
-0.0215735175 2.85413122 0.238305271
-0.0221467018 2.853463 0.2380641
-0.023848325 2.85585761 0.2386364
-0.02445497 2.854688 0.238182336
-0.0269618146 2.8558073 0.2384069
-0.02640587 2.85767674 0.2390643
-0.0296351425 2.85672855 0.2387282
-0.0290206112 2.85934663 0.239510119
-0.0323340967 2.85746765 0.238962889
-0.031713482 2.86043286 0.239624918
-0.0351542458 2.85804462 0.239012867
-0.03461476 2.861338 0.239676
-0.0376715437 2.86189747 0.239337623
-0.03832081 2.8585217 0.238861516
-0.04077539 2.86231613 0.23877725
-0.0412526727 2.85885334 0.238446
-0.0439294428 2.86262274 0.238006145
-0.0442399681 2.85915852 0.237779945
-0.0467822365 2.86285019 0.2371578
-0.0471805781 2.85942769 0.23698239
-0.0496086255 2.86308336 0.2361583
-0.0499475226 2.85966182 0.236098245
-0.05255712 2.863274 0.234973162
-0.0530111045 2.8599062 0.234879777
-0.0554852523 2.86346436 0.233688489
-0.0557919927 2.86011457 0.233605579
-0.0581916 2.86359286 0.232314676
-0.05841047 2.86023188 0.2323527
-0.0607690141 2.863721 0.230847448
-0.0609827973 2.860414 0.230952933
-0.06335474 2.8638382 0.229220077
-0.0635593459 2.86060476 0.2294763
-0.06608681 2.86079454 0.227972344
-0.06613512 2.863934 0.2272985
-0.0693634748 2.86117029 0.226069123
-0.06943493 2.86409879 0.2250562
-0.07290206 2.86237574 0.223707289
-0.07307224 2.86433744 0.222390026
-0.0760779455 2.86357164 0.2212109
-0.07621193 2.86456585 0.2201027
-0.08045796 2.865001 0.216819569
-0.06148374 2.85854125 0.22508055
-0.06449393 2.85839915 0.225007057
-0.0640813 2.858552 0.223428771
-0.06223006 2.85844064 0.226727992
-0.058952406 2.858468 0.226708174
-0.05963603 2.85837865 0.228483289
-0.0564259142 2.85832882 0.228248775
-0.05703593 2.85822129 0.230124563
-0.0539152361 2.858136 0.2296442
-0.0543962419 2.857993 0.231501848
-0.0512235574 2.857871 0.230874926
-0.0516878068 2.857697 0.23276858
-0.0485956259 2.85758018 0.231840342
-0.04902204 2.857438 0.233758688
-0.04587317 2.85724759 0.23264
-0.0463310443 2.85714626 0.234595537
-0.0431338251 2.85691237 0.233363584
-0.0635593459 2.86060476 0.2294763
-0.0609827973 2.860414 0.230952933
-0.06608681 2.86079454 0.227972344
-0.05841047 2.86023188 0.2323527
-0.0557919927 2.86011457 0.233605579
-0.0530111045 2.8599062 0.234879777
-0.0499475226 2.85966182 0.236098245
-0.0471805781 2.85942769 0.23698239
-0.0693634748 2.86117029 0.226069123
-0.06720557 2.85754442 0.224907786
-0.06529349 2.85477281 0.22435762
-0.0442399681 2.85915852 0.237779945
-0.0435731746 2.85682535 0.235309884
-0.0407772735 2.85647368 0.235936061
-0.0403686278 2.85656667 0.233932272
-0.03792847 2.85608745 0.236307561
-0.0376030542 2.856209 0.234389514
-0.03510786 2.8556428 0.236569643
-0.03487963 2.855798 0.234662965
-0.0323806964 2.85512447 0.23665002
-0.0323340967 2.85746765 0.238962889
-0.0322626047 2.85531569 0.2348328
-0.0296351425 2.85672855 0.2387282
-0.0297858678 2.854536 0.2366332
-0.0296099111 2.85470724 0.235003322
-0.0269618146 2.8558073 0.2384069
-0.0272103939 2.85388517 0.236728191
-0.026982192 2.853992 0.235272065
-0.02445497 2.854688 0.238182336
-0.02463266 2.85316825 0.236954361
-0.0243737251 2.853209 0.2357333
-0.0221467018 2.853463 0.2380641
-0.0222869739 2.85248876 0.237335637
-0.0220335927 2.852473 0.23640427
-0.02014257 2.85233259 0.238322049
-0.0199676212 2.85179973 0.237517819
-0.020138843 2.85185 0.238004535
-0.01809559 2.85119247 0.239171028
-0.06310584 2.85574341 0.224320456
-0.0640813 2.858552 0.223428771
-0.06449393 2.85839915 0.225007057
-0.06286307 2.85606384 0.222978368
-0.0613280945 2.85322881 0.222568035
-0.0615168437 2.852973 0.223834887
-0.05943028 2.8504827 0.222425491
-0.0595588461 2.85027 0.223578721
-0.05679542 2.847826 0.223639846
-0.05672975 2.84799933 0.22268495
-0.0529661365 2.84589338 0.223549455
-0.05296391 2.84578061 0.224056676
-0.0488294438 2.84469724 0.22476761
-0.0530369021 2.84563518 0.224340424
-0.05308386 2.845523 0.2243742
-0.05735746 2.84712362 0.223841012
-0.0595588461 2.85027 0.223578721
-0.0578199141 2.84660721 0.223574966
-0.0606964752 2.84934139 0.223721638
-0.0615168437 2.852973 0.223834887
-0.06134945 2.84883285 0.223111287
-0.0632327 2.8519628 0.223947614
-0.06406611 2.85155177 0.222751632
-0.06310584 2.85574341 0.224320456
-0.0662958547 2.85446024 0.222629979
-0.06449393 2.85839915 0.225007057
-0.0681385547 2.8569994 0.222463131
-0.06720557 2.85754442 0.224907786
-0.07026477 2.85995579 0.222163886
-0.0693634748 2.86117029 0.226069123
-0.07290206 2.86237574 0.223707289
-0.0730291456 2.861556 0.220995516
-0.0760779455 2.86357164 0.2212109
-0.07622001 2.863059 0.219427213
-0.08045796 2.865001 0.216819569
-0.05951061 2.86544538 0.2325351
-0.06258232 2.86534119 0.230642572
-0.0595228225 2.865255 0.232404828
-0.0557100251 2.86547 0.234753862
-0.0556188077 2.86505747 0.23455736
-0.05094146 2.865349 0.236888975
-0.0508480668 2.86470151 0.236634538
-0.04607401 2.86504269 0.238648176
-0.0459586158 2.86419725 0.2381938
-0.04107676 2.86452579 0.240181684
-0.0410484523 2.86353326 0.2395481
-0.03545757 2.86365628 0.241144165
-0.0355591774 2.8626 0.240392208
-0.0299179517 2.862258 0.241622776
-0.0301482566 2.86130953 0.240838811
-0.02476178 2.86026 0.241613716
-0.0249262881 2.85957718 0.241009608
-0.0197695456 2.85714626 0.241137311
0.02014257 2.85233259 0.238322049
0.0198492669 2.85270476 0.238417313
0.01809559 2.85119247 0.239171028
0.0215735175 2.85413122 0.238305271
0.0221467018 2.853463 0.2380641
0.023848325 2.85585761 0.2386364
0.02445497 2.854688 0.238182336
0.0269618146 2.8558073 0.2384069
0.02640587 2.85767674 0.2390643
0.0296351425 2.85672855 0.2387282
0.0290206112 2.85934663 0.239510119
0.0323340967 2.85746765 0.238962889
0.031713482 2.86043286 0.239624918
0.0351542458 2.85804462 0.239012867
0.03461476 2.861338 0.239676
0.0376715437 2.86189747 0.239337623
0.03832081 2.8585217 0.238861516
0.04077539 2.86231613 0.23877725
0.0412526727 2.85885334 0.238446
0.0439294428 2.86262274 0.238006145
0.0442399681 2.85915852 0.237779945
0.0467822365 2.86285019 0.2371578
0.0471805781 2.85942769 0.23698239
0.0496086255 2.86308336 0.2361583
0.0499475226 2.85966182 0.236098245
0.05255712 2.863274 0.234973162
0.0530111045 2.8599062 0.234879777
0.0554852523 2.86346436 0.233688489
0.0557919927 2.86011457 0.233605579
0.0581916 2.86359286 0.232314676
0.05841047 2.86023188 0.2323527
0.0607690141 2.863721 0.230847448
0.0609827973 2.860414 0.230952933
0.06335474 2.8638382 0.229220077
0.0635593459 2.86060476 0.2294763
0.06608681 2.86079454 0.227972344
0.06613512 2.863934 0.2272985
0.0693634748 2.86117029 0.226069123
0.06943493 2.86409879 0.2250562
0.07290206 2.86237574 0.223707289
0.07307224 2.86433744 0.222390026
0.0760779455 2.86357164 0.2212109
0.07621193 2.86456585 0.2201027
0.08045796 2.865001 0.216819569
0.06148374 2.85854125 0.22508055
0.0640813 2.858552 0.223428771
0.06449393 2.85839915 0.225007057
0.06223006 2.85844064 0.226727992
0.058952406 2.858468 0.226708174
0.05963603 2.85837865 0.228483289
0.0564259142 2.85832882 0.228248775
0.05703593 2.85822129 0.230124563
0.0539152361 2.858136 0.2296442
0.0543962419 2.857993 0.231501848
0.0512235574 2.857871 0.230874926
0.0516878068 2.857697 0.23276858
0.0485956259 2.85758018 0.231840342
0.04902204 2.857438 0.233758688
0.04587317 2.85724759 0.23264
0.0463310443 2.85714626 0.234595537
0.0431338251 2.85691237 0.233363584
0.0635593459 2.86060476 0.2294763
0.0609827973 2.860414 0.230952933
0.06608681 2.86079454 0.227972344
0.05841047 2.86023188 0.2323527
0.0557919927 2.86011457 0.233605579
0.0530111045 2.8599062 0.234879777
0.0499475226 2.85966182 0.236098245
0.0471805781 2.85942769 0.23698239
0.0693634748 2.86117029 0.226069123
0.06720557 2.85754442 0.224907786
0.06529349 2.85477281 0.22435762
0.0442399681 2.85915852 0.237779945
0.0435731746 2.85682535 0.235309884
0.0407772735 2.85647368 0.235936061
0.0403686278 2.85656667 0.233932272
0.03792847 2.85608745 0.236307561
0.0376030542 2.856209 0.234389514
0.03510786 2.8556428 0.236569643
0.03487963 2.855798 0.234662965
0.0323806964 2.85512447 0.23665002
0.0323340967 2.85746765 0.238962889
0.0322626047 2.85531569 0.2348328
0.0296351425 2.85672855 0.2387282
0.0297858678 2.854536 0.2366332
0.0296099111 2.85470724 0.235003322
0.0269618146 2.8558073 0.2384069
0.0272103939 2.85388517 0.236728191
0.026982192 2.853992 0.235272065
0.02445497 2.854688 0.238182336
0.02463266 2.85316825 0.236954361
0.0243737251 2.853209 0.2357333
0.0221467018 2.853463 0.2380641
0.0222869739 2.85248876 0.237335637
0.0220335927 2.852473 0.23640427
0.02014257 2.85233259 0.238322049
0.0199676212 2.85179973 0.237517819
0.020138843 2.85185 0.238004535
0.01809559 2.85119247 0.239171028
0.0640813 2.858552 0.223428771
0.06310584 2.85574341 0.224320456
0.06449393 2.85839915 0.225007057
0.06286307 2.85606384 0.222978368
0.0613280945 2.85322881 0.222568035
0.0615168437 2.852973 0.223834887
0.05943028 2.8504827 0.222425491
0.0595588461 2.85027 0.223578721
0.05679542 2.847826 0.223639846
0.05672975 2.84799933 0.22268495
0.0529661365 2.84589338 0.223549455
0.05296391 2.84578061 0.224056676
0.0488294438 2.84469724 0.22476761
0.0530369021 2.84563518 0.224340424
0.05308386 2.845523 0.2243742
0.05735746 2.84712362 0.223841012
0.0595588461 2.85027 0.223578721
0.0578199141 2.84660721 0.223574966
0.0606964752 2.84934139 0.223721638
0.0615168437 2.852973 0.223834887
0.06134945 2.84883285 0.223111287
0.0632327 2.8519628 0.223947614
0.06406611 2.85155177 0.222751632
0.06310584 2.85574341 0.224320456
0.0662958547 2.85446024 0.222629979
0.06449393 2.85839915 0.225007057
0.0681385547 2.8569994 0.222463131
0.06720557 2.85754442 0.224907786
0.07026477 2.85995579 0.222163886
0.0693634748 2.86117029 0.226069123
0.07290206 2.86237574 0.223707289
0.0730291456 2.861556 0.220995516
0.0760779455 2.86357164 0.2212109
0.07622001 2.863059 0.219427213
0.08045796 2.865001 0.216819569
0.0595228225 2.865255 0.232404828
0.06258232 2.86534119 0.230642572
0.05951061 2.86544538 0.2325351
0.0557100251 2.86547 0.234753862
0.0556188077 2.86505747 0.23455736
0.05094146 2.865349 0.236888975
0.0508480668 2.86470151 0.236634538
0.04607401 2.86504269 0.238648176
0.0459586158 2.86419725 0.2381938
0.04107676 2.86452579 0.240181684
0.0410484523 2.86353326 0.2395481
0.03545757 2.86365628 0.241144165
0.0355591774 2.8626 0.240392208
0.0299179517 2.862258 0.241622776
0.0301482566 2.86130953 0.240838811
0.02476178 2.86026 0.241613716
0.0249262881 2.85957718 0.241009608
0.0197695456 2.85714626 0.241137311
-0.025623329 2.84952545 0.234446287
-0.0221483447 2.84890079 0.2340977
-0.0225427039 2.85048962 0.234591141
-0.02581 2.85153413 0.235081747
-0.0236769542 2.85202265 0.2349805
-0.0294112973 2.849884 0.2345252
-0.0264490433 2.85389543 0.235370427
-0.0296989381 2.85232449 0.235324368
-0.03398697 2.85016966 0.234288871
-0.03016088 2.854941 0.235522687
-0.034368284 2.85299826 0.235254437
-0.03846058 2.8503058 0.233783245
-0.0349201523 2.855897 0.235484779
-0.0390775353 2.85356569 0.234844387
-0.0423781723 2.850442 0.232998267
-0.03956897 2.856529 0.2350944
-0.04336093 2.85395336 0.233986542
-0.04662256 2.850692 0.231775165
-0.0442344919 2.85709524 0.234312743
-0.0480111167 2.85437 0.232639611
-0.05117076 2.850884 0.2296671
-0.04903023 2.85766363 0.232938856
-0.0527288429 2.85465026 0.230463162
-0.0552135743 2.85109782 0.227292746
-0.0539137721 2.85818315 0.230976611
-0.05680583 2.854898 0.2280632
-0.058976844 2.85130477 0.2246562
-0.0583065823 2.85851765 0.228610322
-0.0607554 2.85516477 0.225359574
-0.0622295178 2.85860252 0.226050138
-0.06287099 2.85529947 0.2238656
-0.0622295178 2.85860252 0.226050138
-0.06443103 2.858531 0.224485427
-0.0607554 2.85516477 0.225359574
-0.060625717 2.851381 0.223392427
-0.058976844 2.85130477 0.2246562
0.025623329 2.84952545 0.234446287
0.0225427039 2.85048962 0.234591141
0.0221483447 2.84890079 0.2340977
0.02581 2.85153413 0.235081747
0.0236769542 2.85202265 0.2349805
0.0294112973 2.849884 0.2345252
0.0264490433 2.85389543 0.235370427
0.0296989381 2.85232449 0.235324368
0.03398697 2.85016966 0.234288871
0.03016088 2.854941 0.235522687
0.034368284 2.85299826 0.235254437
0.03846058 2.8503058 0.233783245
0.0349201523 2.855897 0.235484779
0.0390775353 2.85356569 0.234844387
0.0423781723 2.850442 0.232998267
0.03956897 2.856529 0.2350944
0.04336093 2.85395336 0.233986542
0.04662256 2.850692 0.231775165
0.0442344919 2.85709524 0.234312743
0.0480111167 2.85437 0.232639611
0.05117076 2.850884 0.2296671
0.04903023 2.85766363 0.232938856
0.0527288429 2.85465026 0.230463162
0.0552135743 2.85109782 0.227292746
0.0539137721 2.85818315 0.230976611
0.05680583 2.854898 0.2280632
0.058976844 2.85130477 0.2246562
0.0583065823 2.85851765 0.228610322
0.0607554 2.85516477 0.225359574
0.0622295178 2.85860252 0.226050138
0.06287099 2.85529947 0.2238656
0.06443103 2.858531 0.224485427
0.0622295178 2.85860252 0.226050138
0.0607554 2.85516477 0.225359574
0.060625717 2.851381 0.223392427
0.058976844 2.85130477 0.2246562
0.08761795 2.83813 0.138118431
0.08916655 2.836939 0.133881435
0.0863578245 2.83938551 0.138624921
0.08971271 2.84236431 0.13616401
0.087744534 2.84291863 0.137020275
0.09198664 2.84285522 0.130440861
0.08814676 2.846863 0.13627167
0.09093928 2.84708524 0.135586739
0.09330253 2.84995413 0.12908119
0.08712089 2.85044551 0.137335032
0.09311296 2.855953 0.129852861
0.0899032354 2.853231 0.1370247
0.0925153643 2.86190557 0.131492287
0.09092468 2.86720324 0.134340063
0.08473837 2.854877 0.139645219
0.0869386047 2.85773945 0.139913276
0.0875641 2.869586 0.139335036
0.08444258 2.86888242 0.142710343
0.0829411447 2.858634 0.142991886
0.0815694 2.85634732 0.1422467
0.07974035 2.86378479 0.146126866
0.07573736 2.85443068 0.147821888
0.07783676 2.85960174 0.147107035
-0.0335905 2.84957027 0.228368282
-0.03219394 2.85221076 0.229404241
-0.0362515375 2.8528657 0.228787273
-0.03893816 2.85002685 0.227427766
-0.035639476 2.84743738 0.227348641
-0.03819099 2.84593678 0.22641024
-0.03157916 2.85520887 0.230397508
-0.04106033 2.84517384 0.225599915
-0.0354205 2.85677886 0.230088621
-0.0317673646 2.85829425 0.23126252
-0.03273972 2.86128569 0.231944263
-0.0427146032 2.84901 0.226363465
-0.04408045 2.84520626 0.22497797
-0.0469696373 2.84603024 0.224612564
-0.0465351 2.85008764 0.2258663
-0.0495381281 2.84758615 0.224507421
-0.0516998 2.84975052 0.224646449
-0.0427279547 2.85305047 0.2267679
-0.04080592 2.85356617 0.2273164
-0.04939185 2.852976 0.2260714
-0.0532329381 2.852452 0.225069642
-0.05056035 2.856902 0.22694
-0.0541073158 2.85542774 0.225721329
-0.0542674139 2.858499 0.226572871
-0.03944866 2.85502553 0.22801587
-0.0446856953 2.85360312 0.226514429
-0.0426688753 2.85745335 0.226684123
-0.0390302762 2.85703373 0.228681892
-0.0461611673 2.85507941 0.22662431
-0.03668281 2.86072445 0.2309832
-0.03441811 2.86397839 0.232391924
-0.046770364 2.85708857 0.227072
-0.0463617966 2.85909367 0.227739647
-0.03966032 2.859039 0.229135841
-0.0396468453 2.86363459 0.23121886
-0.0366976336 2.866157 0.232560337
-0.0393456146 2.86774278 0.232472956
-0.0411672443 2.86052251 0.229254156
-0.04349554 2.86471272 0.23072651
-0.0422954559 2.86855173 0.232091069
-0.0452509336 2.86857629 0.231472686
-0.0471960939 2.86368155 0.229637548
-0.0480414 2.86780238 0.230649278
-0.05048186 2.86627865 0.2296775
-0.0524033681 2.86411738 0.228624344
-0.04313122 2.86108065 0.229002148
-0.045035217 2.8605535 0.228447
-0.0497699827 2.860818 0.2282481
-0.05368822 2.861464 0.2275641
0.0362515375 2.8528657 0.228787273
0.03219394 2.85221076 0.229404241
0.0335905 2.84957027 0.228368282
0.0389381573 2.85002685 0.227427766
0.035639476 2.84743738 0.227348641
0.038190987 2.84593678 0.22641024
0.03157916 2.85520887 0.230397508
0.04106033 2.84517384 0.225599915
0.0354205 2.85677886 0.230088621
0.0317673646 2.85829425 0.23126252
0.03273972 2.86128569 0.231944263
0.042714607 2.84901 0.226363465
0.0440804437 2.84520626 0.22497797
0.0469696373 2.84603024 0.224612564
0.0465351 2.85008764 0.2258663
0.0495381281 2.84758615 0.224507421
0.0516998 2.84975052 0.224646449
0.0427279547 2.85305047 0.2267679
0.04080592 2.85356617 0.2273164
0.0493918546 2.852976 0.2260714
0.0532329381 2.852452 0.225069642
0.05056035 2.856902 0.22694
0.0541073158 2.85542774 0.225721329
0.0542674139 2.858499 0.226572871
0.03944866 2.85502553 0.22801587
0.0446856953 2.85360312 0.226514429
0.04266887 2.85745335 0.226684123
0.0390302762 2.85703373 0.228681892
0.04616116 2.85507941 0.22662431
0.03668281 2.86072445 0.2309832
0.03441811 2.86397839 0.232391924
0.0497699864 2.860818 0.2282481
0.05368822 2.861464 0.2275641
0.0524033681 2.86411738 0.228624344
0.0471960939 2.86368155 0.229637548
0.0504818559 2.86627865 0.2296775
0.0480414 2.86780238 0.230649278
0.0452509336 2.86857629 0.231472686
0.046770364 2.85708857 0.227072
0.0463617966 2.85909367 0.227739647
0.04349554 2.86471272 0.23072651
0.0422954522 2.86855173 0.232091069
0.03934562 2.86774278 0.232472956
0.045035217 2.8605535 0.228447
0.0396468453 2.86363459 0.23121886
0.0366976336 2.866157 0.232560337
0.04313122 2.86108065 0.229002148
0.0411672369 2.86052251 0.229254156
0.03966032 2.859039 0.229135841
0.00630423147 2.784048 0.22917895
3.71663817E-16 2.785764 0.227699369
3.71663817E-16 2.783697 0.229691982
-0.00630423147 2.784048 0.22917895
0.00621462427 2.78607488 0.227424
0.0112703014 2.78573155 0.2257224
0.01237243 2.784062 0.226620525
0.0127295386 2.78621721 0.222218126
0.01484005 2.78431034 0.2227523
0.015563339 2.784367 0.219473526
0.006461814 2.78735685 0.2224162
3.71663817E-16 2.78644061 0.22235319
3.71663817E-16 2.78656769 0.218531489
-0.00621462427 2.78607488 0.227424
0.0132132974 2.7863667 0.218837351
0.016286619 2.784424 0.216194823
0.00662233168 2.78792715 0.218656585
-0.0112703014 2.78573155 0.2257224
-0.0123724239 2.784062 0.226620555
-0.006461814 2.78735685 0.2224162
-0.0127295386 2.78621721 0.222218126
-0.01484005 2.78431034 0.2227523
-0.015563339 2.784367 0.219473526
0.013697058 2.78651571 0.2154566
0.0164964274 2.78444672 0.213161528
0.00678284932 2.788098 0.214891449
0.0138314627 2.786554 0.2124486
0.01670623 2.784469 0.210128292
-0.00662233168 2.78792715 0.218656585
-0.0132132974 2.7863667 0.218837351
-0.0162866265 2.784424 0.216194838
0.0139658675 2.786593 0.209440351
0.01668657 2.78453159 0.204032
0.014348547 2.78640556 0.204014808
0.00685268035 2.78803468 0.211638629
0.00692249974 2.78772879 0.208382472
0.00695855869 2.78740382 0.202600956
-0.00678284932 2.788098 0.214891449
-0.013697058 2.78651571 0.2154566
-0.0164964162 2.78444672 0.213161543
3.71663817E-16 2.78673077 0.214710668
-0.0138314627 2.786554 0.2124486
-0.01670623 2.784469 0.210128292
3.71663817E-16 2.78679085 0.207983717
3.71663817E-16 2.78653264 0.202131
-0.00695855869 2.78740382 0.202600956
3.71663817E-16 2.78684115 0.21134837
-0.00685268035 2.78803468 0.211638629
-0.0139658675 2.786593 0.209440351
-0.01668657 2.78453159 0.204032
-0.014348547 2.78640556 0.204014808
-0.00692249974 2.78772879 0.208382472
3.71663817E-16 2.78093386 0.227860048
-0.00631821854 2.781398 0.227665991
3.71663817E-16 2.78027868 0.22242102
0.00631822 2.781398 0.227665991
-0.006545296 2.78058314 0.2226042
-0.0114538781 2.7818644 0.2260457
0.006545296 2.78058314 0.2226042
0.0114538632 2.7818644 0.226045713
-0.0129983481 2.781912 0.222577751
-0.00669040158 2.78061843 0.218839571
0.00669040158 2.78061843 0.218839571
0.0129983481 2.781912 0.222577751
-2.58073385E-08 2.7802043 0.218565822
-0.01484005 2.78431034 0.2227523
-0.0123724239 2.784062 0.226620555
-0.00630423147 2.784048 0.22917895
-0.00631821854 2.781398 0.227665991
3.71663817E-16 2.783697 0.229691982
3.71663817E-16 2.78093386 0.227860048
0.00631822 2.781398 0.227665991
0.00630423147 2.784048 0.22917895
0.01237243 2.784062 0.226620525
0.01484005 2.78431034 0.2227523
-0.015563339 2.784367 0.219473526
0.015563339 2.784367 0.219473526
-0.0135144694 2.78187466 0.21920535
-0.0162866265 2.784424 0.216194838
0.01351446 2.78187466 0.21920535
0.016286619 2.784424 0.216194823
-0.00683551934 2.78065419 0.215075344
-0.0140305553 2.78183722 0.215832874
-0.0164964162 2.78444672 0.213161543
-0.0141768614 2.78184986 0.212826431
-0.01670623 2.784469 0.210128292
0.0140305571 2.78183722 0.215832874
0.0164964274 2.78444672 0.213161528
0.006835527 2.78065419 0.215075344
0.0141768754 2.78184986 0.212826431
0.01670623 2.784469 0.210128292
3.71663817E-16 2.780131 0.214710772
-0.0143231954 2.78186178 0.2098198
-0.01668657 2.78453159 0.204032
-0.014348547 2.78200483 0.203957036
-0.006900632 2.78064823 0.211805537
-0.006965778 2.78064251 0.208535567
-0.00695855869 2.780881 0.2025172
0.00690064859 2.78064823 0.211805537
0.0143231954 2.78186178 0.2098198
0.01668657 2.78453159 0.204032
0.014348547 2.78200483 0.203957036
3.71663817E-16 2.78011 0.21131587
3.71663817E-16 2.78008914 0.2079211
3.71663817E-16 2.780077 0.202057824
0.00695855869 2.780881 0.202517182
0.006965778 2.78064251 0.208535567
0.0416338742 2.84956932 0.218806267
0.0535998344 2.86604023 0.224795461
0.0449942239 2.86541247 0.227495134
0.0362942144 2.86374068 0.229684189
0.061027348 2.86508322 0.221542045
0.0275601167 2.86141181 0.231286809
0.06851822 2.860215 0.218080252
0.0227960572 2.85728431 0.2307845
0.0656131357 2.85147667 0.216202945
0.019697357 2.85243535 0.229564384
0.0613918565 2.844544 0.215911448
0.0169861317 2.84794855 0.227550626
0.0572472028 2.84010053 0.216647118
0.01904937 2.84348 0.225548312
0.05300838 2.83809233 0.2177786
0.0225221217 2.84207439 0.224615455
0.048179213 2.83743382 0.2193858
0.02706345 2.840884 0.22378625
0.04304041 2.83797741 0.220857278
0.03205897 2.84008169 0.22298345
0.0374856927 2.83943176 0.222091541
-0.0449942239 2.86541247 0.227495134
-0.0535998344 2.86604023 0.224795461
-0.0416338742 2.84956932 0.218806267
-0.0362942144 2.86374068 0.229684189
-0.061027348 2.86508322 0.221542045
-0.0275601167 2.86141181 0.231286809
-0.06851823 2.860215 0.218080252
-0.0227960572 2.85728431 0.2307845
-0.0656131357 2.85147667 0.216202945
-0.019697357 2.85243535 0.229564384
-0.0613918565 2.844544 0.215911448
-0.0169861317 2.84794855 0.227550626
-0.0572472028 2.84010053 0.216647089
-0.01904937 2.84348 0.225548312
-0.05300838 2.83809233 0.2177786
-0.0225221217 2.84207439 0.224615455
-0.048179213 2.83743382 0.2193858
-0.02706345 2.840884 0.22378625
-0.04304041 2.83797741 0.220857278
-0.03205897 2.84008169 0.22298345
-0.0374856927 2.83943176 0.222091541
-0.0495381281 2.84758615 0.224507421
-0.0469696373 2.84603024 0.224612564
-0.0466950573 2.84982347 0.2267272
-0.0516998 2.84975052 0.224646449
-0.04286848 2.848734 0.22722201
-0.04408045 2.84520626 0.22497797
-0.04106033 2.84517384 0.225599915
-0.04955722 2.85271668 0.2269327
-0.0532329381 2.852452 0.225069642
-0.03909159 2.84973526 0.228280962
-0.038190987 2.84593678 0.22641024
-0.035639476 2.84743738 0.227348641
-0.0507424 2.85664988 0.227798745
-0.0541073158 2.85542774 0.225721329
-0.05426742 2.858499 0.226572871
-0.03641577 2.852565 0.229635149
-0.0335905 2.84957027 0.228368282
-0.03219394 2.85221076 0.229404241
-0.0355958976 2.8564744 0.230932966
-0.03157916 2.85520887 0.230397508
-0.031767372 2.85829425 0.23126252
-0.0368709676 2.86042786 0.2318252
-0.03273972 2.86128569 0.231944263
-0.03441811 2.86397839 0.232391924
-0.039829962 2.85440946 0.229876071
-0.0499607176 2.86056662 0.229102984
-0.05368822 2.861464 0.2275641
-0.0524033681 2.86411738 0.228624344
-0.03984666 2.86334324 0.232061237
-0.0366976336 2.866157 0.232560337
-0.03934562 2.86774278 0.232472956
-0.04370101 2.86443377 0.231572419
-0.0422954559 2.86855173 0.232091069
-0.0452509336 2.86857629 0.231472686
-0.0480414 2.86780238 0.230649278
-0.0394134969 2.856409 0.230539963
-0.0473986343 2.86341715 0.230488122
-0.05048186 2.86627865 0.2296775
-0.04543387 2.85995531 0.23030889
-0.0435373224 2.860471 0.230861425
-0.0415659137 2.859919 0.231111586
-0.04005358 2.858429 0.230993316
-0.0433476456 2.856391 0.2299445
-0.0467567965 2.85849953 0.229603857
-0.04716578 2.85649776 0.228938669
-0.0465495065 2.85448575 0.228492633
-0.0450672 2.85299826 0.228382215
-0.0431053676 2.8524425 0.228634268
-0.04118653 2.85296 0.229180247
0.0466950573 2.84982347 0.2267272
0.0469696373 2.84603024 0.224612564
0.0495381281 2.84758615 0.224507421
0.0516998 2.84975052 0.224646449
0.04286848 2.848734 0.22722201
0.04408045 2.84520626 0.22497797
0.04106033 2.84517384 0.225599915
0.04955722 2.85271668 0.2269327
0.0532329381 2.852452 0.225069642
0.03909159 2.84973526 0.228280962
0.038190987 2.84593678 0.22641024
0.035639476 2.84743738 0.227348641
0.0507424 2.85664988 0.227798745
0.0541073158 2.85542774 0.225721329
0.05426742 2.858499 0.226572871
0.03641577 2.852565 0.229635149
0.0335905 2.84957027 0.228368282
0.03219394 2.85221076 0.229404241
0.0355958976 2.8564744 0.230932966
0.03157916 2.85520887 0.230397508
0.031767372 2.85829425 0.23126252
0.0368709639 2.86042786 0.2318252
0.03273972 2.86128569 0.231944263
0.03441811 2.86397839 0.232391924
0.039829962 2.85440946 0.229876071
0.0499607176 2.86056662 0.229102984
0.05368822 2.861464 0.2275641
0.0524033681 2.86411738 0.228624344
0.03984666 2.86334324 0.232061237
0.0366976336 2.866157 0.232560337
0.03934562 2.86774278 0.232472956
0.04370101 2.86443377 0.231572419
0.0422954559 2.86855173 0.232091069
0.0452509336 2.86857629 0.231472686
0.0480414 2.86780238 0.230649278
0.0473986343 2.86341715 0.230488122
0.05048186 2.86627865 0.2296775
0.04543387 2.85995531 0.23030889
0.0435373262 2.860471 0.230861425
0.0467567965 2.85849953 0.229603857
0.0415659137 2.859919 0.231111571
0.0433476456 2.856391 0.2299445
0.04716578 2.85649776 0.228938669
0.04005358 2.858429 0.230993316
0.0394134969 2.856409 0.230539963
0.0465495065 2.85448575 0.228492633
0.0450672 2.85299826 0.228382215
0.0431053676 2.8524425 0.228634268
0.0411865264 2.85296 0.229180247
0.05308386 2.845523 0.2243742
0.05325992 2.84549022 0.224729776
0.0578199141 2.84660721 0.223574966
0.0535159744 2.84465265 0.22477144
0.0491532 2.84359169 0.226121843
0.04897304 2.8446362 0.225879416
0.0441017933 2.84320259 0.227700174
0.0439694747 2.84430146 0.2272773
0.03878157 2.843481 0.2290248
0.04897304 2.8446362 0.225879416
0.0488294438 2.84469724 0.22476761
0.0438153073 2.84435415 0.2263122
0.0439694747 2.84430146 0.2272773
0.0386329629 2.844384 0.227883846
0.03874157 2.84430623 0.228721946
0.0334310755 2.84427023 0.230339736
0.0334002227 2.84470677 0.229698271
0.033479318 2.844695 0.23018685
0.0284571163 2.84510255 0.231511861
0.0192148834 2.86609125 0.24864763
0.0191667564 2.86680484 0.248500571
0.0149249081 2.86430216 0.248289987
0.0191931929 2.86538315 0.24811773
0.0232251212 2.86647916 0.247912019
0.0232592244 2.8676405 0.248867482
0.0232592244 2.8676405 0.248867482
0.02310483 2.86885452 0.248650014
0.0272526555 2.8675828 0.2475625
0.0273639057 2.86913443 0.248733237
0.0273639057 2.86913443 0.248733237
0.02719227 2.87062216 0.248491526
0.0315062478 2.86868477 0.246945858
0.0316807963 2.870039 0.2480016
0.0316807963 2.870039 0.2480016
0.0315036774 2.87146473 0.247757763
0.03582237 2.86966681 0.246022791
0.0360601954 2.87082648 0.2470891
0.0360601954 2.87082648 0.2470891
0.0358870029 2.87218523 0.246776268
0.0401679836 2.87055159 0.244959071
0.0404552221 2.87154 0.245953813
0.0404552221 2.87154 0.245953813
0.04028356 2.872908 0.245560274
0.04447512 2.87137961 0.24364838
0.0448029339 2.87231016 0.24454
0.0448029339 2.87231016 0.24454
0.0446247458 2.873565 0.244161844
0.0487232059 2.87215447 0.242085427
0.0490814373 2.87305546 0.242864072
0.052863434 2.872882 0.240318865
0.05323749 2.873689 0.241003409
0.0568253472 2.87354612 0.238371328
0.05719647 2.87421679 0.2389552
0.0606441349 2.87416887 0.2362999
0.0490814373 2.87305546 0.242864072
0.048911605 2.87413144 0.24252829
0.0530724153 2.874589 0.240670949
0.05323749 2.873689 0.241003409
0.057053946 2.87495613 0.238639444
0.05719647 2.87421679 0.2389552
0.060890913 2.87528324 0.23646979
0.0609950162 2.87466669 0.236770287
0.06434248 2.87474847 0.234063342
0.06456153 2.87559962 0.234126419
0.06464216 2.875114 0.234402418
0.0679776147 2.87528515 0.231664255
0.06816492 2.87582421 0.2316267
0.068198204 2.875516 0.231840849
0.0724176839 2.87589669 0.228577122
-0.0578199141 2.84660721 0.223574966
-0.05325992 2.84549022 0.224729776
-0.05308386 2.845523 0.2243742
-0.0535159744 2.84465265 0.22477144
-0.0491532 2.84359169 0.226121843
-0.04897304 2.8446362 0.225879416
-0.0441017933 2.84320259 0.227700174
-0.0439694747 2.84430146 0.2272773
-0.03878157 2.843481 0.2290248
-0.04897304 2.8446362 0.225879416
-0.0488294438 2.84469724 0.22476761
-0.0438153073 2.84435415 0.2263122
-0.0439694747 2.84430146 0.2272773
-0.0386329629 2.844384 0.227883846
-0.03874157 2.84430623 0.228721946
-0.0334310755 2.84427023 0.230339736
-0.0334002227 2.84470677 0.229698271
-0.033479318 2.844695 0.23018685
-0.0284571163 2.84510255 0.231511861
-0.0149249081 2.86430216 0.248289987
-0.0191667564 2.86680484 0.248500571
-0.0192148834 2.86609125 0.24864763
-0.0191931929 2.86538315 0.24811773
-0.0232251212 2.86647916 0.247912019
-0.0232592244 2.8676405 0.248867482
-0.0232592244 2.8676405 0.248867482
-0.02310483 2.86885452 0.248650014
-0.0272526555 2.8675828 0.2475625
-0.0273639057 2.86913443 0.248733237
-0.0273639057 2.86913443 0.248733237
-0.02719227 2.87062216 0.248491526
-0.0315062478 2.86868477 0.246945858
-0.0316807963 2.870039 0.2480016
-0.0316807963 2.870039 0.2480016
-0.0315036774 2.87146473 0.247757763
-0.03582237 2.86966681 0.246022791
-0.0360601954 2.87082648 0.2470891
-0.0360601954 2.87082648 0.2470891
-0.0358870029 2.87218523 0.246776268
-0.0401679836 2.87055159 0.244959071
-0.0404552221 2.87154 0.245953813
-0.0404552221 2.87154 0.245953813
-0.04028356 2.872908 0.245560274
-0.04447512 2.87137961 0.24364838
-0.0448029339 2.87231016 0.24454
-0.0448029339 2.87231016 0.24454
-0.0446247458 2.873565 0.244161844
-0.0487232059 2.87215447 0.242085427
-0.0490814373 2.87305546 0.242864072
-0.052863434 2.872882 0.240318865
-0.05323749 2.873689 0.241003409
-0.0568253472 2.87354612 0.238371328
-0.05719647 2.87421679 0.2389552
-0.0606441349 2.87416887 0.2362999
-0.0490814373 2.87305546 0.242864072
-0.048911605 2.87413144 0.24252829
-0.0530724153 2.874589 0.240670949
-0.05323749 2.873689 0.241003409
-0.057053946 2.87495613 0.238639444
-0.05719647 2.87421679 0.2389552
-0.060890913 2.87528324 0.23646979
-0.0609950162 2.87466669 0.236770287
-0.06434248 2.87474847 0.234063342
-0.06456153 2.87559962 0.234126419
-0.06464216 2.875114 0.234402418
-0.0679776147 2.87528515 0.231664255
-0.06816492 2.87582421 0.2316267
-0.068198204 2.875516 0.231840849
-0.0724176839 2.87589669 0.228577122
-0.012058787 2.78546667 0.2365569
-0.0124811465 2.78504419 0.236432314
-0.012232719 2.7849865 0.236559048
-0.0120800911 2.784525 0.236482754
-0.0121073509 2.784956 0.236666635
-0.0121073509 2.784956 0.236666635
-0.0113729257 2.78499317 0.236950248
-0.0113423681 2.78557634 0.2370289
-0.009964918 2.78507757 0.23765631
-0.009992311 2.785644 0.237707466
-0.0113729257 2.78499317 0.236950248
-0.01131832 2.78441429 0.2368206
-0.00996098947 2.78449059 0.237627789
-0.009964918 2.78507757 0.23765631
-0.007717463 2.78517437 0.238543451
-0.007700703 2.78564358 0.238760844
-0.00527300034 2.78536534 0.23960194
-0.00525282929 2.78504753 0.239487559
-0.00258347276 2.78506756 0.240190744
-0.0025892742 2.78482819 0.240103334
-0.007722266 2.78464532 0.238653883
-0.007717463 2.78517437 0.238543451
-0.00525282929 2.78504753 0.239487559
-0.005240216 2.78473759 0.239585817
-0.0025892742 2.78482819 0.240103334
-0.00260552368 2.78454542 0.240069956
3.798601E-16 2.784852 0.240357354
3.71663817E-16 2.78469276 0.240230471
0.0025892742 2.78482819 0.240103334
0.00258347276 2.78506756 0.240190744
0.00525282929 2.78504753 0.239487559
0.00527300034 2.78536534 0.23960194
3.71663817E-16 2.78469276 0.240230471
3.71663817E-16 2.78447747 0.240205467
0.00260552368 2.78454542 0.240069956
0.0025892742 2.78482819 0.240103334
0.005240216 2.78473759 0.239585817
0.00525282929 2.78504753 0.239487559
0.007717463 2.78517437 0.238543451
0.007700703 2.78564358 0.238760844
0.009992311 2.785644 0.237707466
0.009964918 2.78507757 0.23765631
0.0113423681 2.78557634 0.2370289
0.0113729257 2.78499317 0.236950248
0.00772226648 2.784645 0.238653868
0.007717463 2.78517437 0.238543451
0.009964918 2.78507757 0.23765631
0.009960988 2.78449082 0.237627789
0.012058787 2.78546667 0.2365569
0.0121073509 2.784956 0.236666635
0.0113729257 2.78499317 0.236950248
0.01131832 2.78441429 0.2368206
0.012232719 2.7849865 0.236559048
0.0124811465 2.78504419 0.236432314
0.0120800911 2.784525 0.236482754
0.0121073509 2.784956 0.236666635
3.71663817E-16 2.81311774 0.26544106
0.000582649838 2.813742 0.265101522
3.71663817E-16 2.81528378 0.265975863
-0.000582649838 2.813742 0.265101522
0.000383989653 2.81019878 0.2626916
-0.000383989653 2.81019878 0.2626916
3.71663817E-16 2.80984831 0.262957841
3.71663817E-16 2.806623 0.259278953
